event_date,user_id,age,gender,os,messages_sent,messages_received,users_received,users_sent
2025-02-18,10536,18,1,Android,8,4,1,8
2025-02-18,128148,30,1,iOS,7,1,1,6
2025-02-18,109727,48,1,iOS,4,0,0,2
2025-02-18,21434,27,1,iOS,11,0,0,10
2025-02-18,125528,30,0,Android,6,9,1,6
2025-02-18,10093,22,1,Android,7,31,1,7
2025-02-18,17364,31,0,Android,12,5,1,10
2025-02-18,9191,21,1,Android,8,6,1,8
2025-02-18,9003,17,0,iOS,5,0,0,5
2025-02-18,123610,40,0,iOS,9,0,0,2
2025-02-18,119738,15,1,Android,5,0,0,5
2025-02-18,22066,18,1,Android,7,0,0,7
2025-02-18,127003,35,0,Android,21,6,1,4
2025-02-18,21860,48,0,Android,5,0,0,2
2025-02-18,115477,16,0,iOS,5,0,0,5
2025-02-18,16869,44,1,Android,7,0,0,2
2025-02-18,7585,21,0,iOS,4,0,0,4
2025-02-18,15843,35,1,Android,8,1,1,2
2025-02-18,128325,47,1,Android,14,0,0,2
2025-02-18,124793,22,1,Android,6,10,1,6
2025-02-18,19740,54,0,Android,3,0,0,2
2025-02-18,21281,19,0,iOS,5,2,1,5
2025-02-18,110355,14,1,iOS,5,2,1,4
2025-02-18,11438,37,1,Android,14,4,1,3
2025-02-18,22188,36,1,iOS,5,0,0,2
2025-02-18,128346,26,0,Android,5,5,1,5
2025-02-18,15636,29,1,Android,9,13,1,9
2025-02-18,4531,37,1,iOS,9,0,0,2
2025-02-18,911,47,1,Android,6,0,0,2
2025-02-18,12534,39,1,Android,1,0,0,1
2025-02-18,124346,37,1,iOS,6,1,1,2
2025-02-18,2529,24,1,Android,2,0,0,2
2025-02-18,124226,26,0,Android,5,0,0,5
2025-02-18,113064,24,0,iOS,5,0,0,5
2025-02-18,114500,29,1,Android,3,7,1,3
2025-02-18,11600,17,0,iOS,1,10,1,1
2025-02-18,114938,32,0,Android,6,0,0,6
2025-02-18,11560,18,1,iOS,12,22,1,12
2025-02-18,19965,20,1,Android,12,374,1,10
2025-02-18,21330,20,1,Android,3,8,1,3
2025-02-18,17173,14,0,iOS,2,0,0,2
2025-02-18,128066,44,1,Android,7,0,0,2
2025-02-18,108332,33,0,iOS,6,1,1,2
2025-02-18,13241,28,1,Android,11,5,1,11
2025-02-18,21479,17,1,Android,11,3,1,10
2025-02-18,110382,24,0,Android,1,5,1,1
2025-02-18,118551,41,0,iOS,16,3,1,4
2025-02-18,117372,33,0,iOS,9,12,1,4
2025-02-18,9693,34,0,Android,11,6,1,4
2025-02-18,124005,32,1,Android,8,15,1,8
2025-02-18,118721,34,1,Android,4,4,1,1
2025-02-18,4854,37,1,Android,13,9,1,4
2025-02-18,115193,21,0,iOS,2,9,1,2
2025-02-18,14414,16,1,iOS,9,1,1,6
2025-02-18,128217,32,0,iOS,5,9,1,5
2025-02-18,4064,40,1,Android,7,0,0,2
2025-02-18,110288,44,0,iOS,3,0,0,2
2025-02-18,5300,27,1,iOS,4,3,1,4
2025-02-18,107944,23,0,iOS,6,18,1,6
2025-02-18,123917,36,1,Android,10,0,0,2
2025-02-18,16803,24,1,iOS,9,0,0,9
2025-02-18,15542,24,1,iOS,6,0,0,5
2025-02-18,114528,28,1,iOS,12,14,1,10
2025-02-18,109014,21,1,Android,5,0,0,5
2025-02-18,11187,34,0,iOS,8,4,1,1
2025-02-18,116569,21,1,iOS,5,4,1,5
2025-02-18,4119,53,1,Android,6,0,0,4
2025-02-18,117568,24,0,Android,12,15,1,12
2025-02-18,16040,19,0,Android,9,0,0,9
2025-02-18,121662,27,1,iOS,4,1,1,4
2025-02-18,3615,30,0,Android,11,5,1,10
2025-02-18,9295,19,1,Android,5,1,1,5
2025-02-18,21105,28,1,Android,6,5,1,6
2025-02-18,2186,20,1,Android,7,0,0,7
2025-02-18,113006,20,1,Android,9,0,0,9
2025-02-18,127972,39,1,Android,8,0,0,2
2025-02-18,127521,16,1,Android,7,0,0,7
2025-02-18,13343,23,1,Android,8,17,1,8
2025-02-18,113922,27,0,iOS,5,0,0,5
2025-02-18,15120,19,0,iOS,1,5,1,1
2025-02-18,128601,23,1,Android,5,0,0,5
2025-02-18,21822,30,1,iOS,6,14,1,6
2025-02-18,7673,28,1,Android,9,7,1,8
2025-02-18,22132,27,0,Android,13,24,1,11
2025-02-18,16304,43,0,Android,4,0,0,2
2025-02-18,17973,20,1,iOS,6,7,1,6
2025-02-18,128479,22,1,Android,3,10,1,3
2025-02-18,17810,19,1,iOS,0,3,1,0
2025-02-18,128220,20,1,iOS,7,15,1,7
2025-02-18,124566,41,0,Android,7,0,0,2
2025-02-18,122188,27,0,Android,2,3,1,2
2025-02-18,109792,42,0,Android,6,0,0,2
2025-02-18,20099,32,1,Android,9,2,1,8
2025-02-18,4660,17,1,Android,5,1,1,4
2025-02-18,16432,28,0,Android,7,0,0,7
2025-02-18,122343,16,1,iOS,2,0,0,2
2025-02-18,20295,40,0,Android,5,0,0,2
2025-02-18,15894,37,1,iOS,1,0,0,1
2025-02-18,17309,42,1,Android,6,0,0,2
2025-02-18,117941,35,0,iOS,14,2,1,2
2025-02-18,18456,35,1,iOS,13,10,1,5
2025-02-18,121227,17,1,Android,2,2,1,2
2025-02-18,17567,33,0,iOS,4,2,1,4
2025-02-18,19236,17,1,Android,4,3,1,4
2025-02-18,9763,25,0,Android,7,22,1,7
2025-02-18,21523,38,1,Android,2,4,1,2
2025-02-18,12945,26,1,Android,6,0,0,6
2025-02-18,3450,20,0,Android,2,3,1,2
2025-02-18,122710,31,0,Android,6,5,1,6
2025-02-18,114032,20,1,Android,3,33,1,3
2025-02-18,2506,24,0,Android,4,0,0,4
2025-02-18,11331,26,0,Android,9,11,1,9
2025-02-18,128114,18,1,Android,6,0,0,6
2025-02-18,121337,26,1,Android,2,0,0,2
2025-02-18,108123,51,0,Android,10,0,0,2
2025-02-18,110557,26,0,Android,1,3,1,1
2025-02-18,125498,33,1,iOS,5,13,1,2
2025-02-18,9703,20,1,Android,8,14,1,7
2025-02-18,127955,37,1,iOS,8,2,1,2
2025-02-18,122836,33,0,iOS,8,2,1,7
2025-02-18,1998,30,0,iOS,4,0,0,4
2025-02-18,125722,39,1,Android,9,6,1,2
2025-02-18,126520,20,0,Android,6,16,1,6
2025-02-18,9787,20,1,Android,6,14,1,6
2025-02-18,18662,34,1,Android,8,0,0,2
2025-02-18,126366,21,1,Android,3,1,1,3
2025-02-18,17766,20,1,Android,13,2,1,13
2025-02-18,122620,45,1,Android,7,0,0,2
2025-02-18,116964,31,0,iOS,6,9,1,5
2025-02-18,128096,36,1,iOS,8,0,0,2
2025-02-18,325,39,1,iOS,12,0,0,2
2025-02-18,108519,19,1,Android,11,7,1,10
2025-02-18,7908,62,1,Android,10,0,0,4
2025-02-18,121299,57,0,Android,2,0,0,2
2025-02-18,21834,33,0,Android,4,0,0,3
2025-02-18,19878,19,1,Android,9,9,1,8
2025-02-18,18729,32,1,iOS,9,17,1,9
2025-02-18,108148,32,1,iOS,3,0,0,1
2025-02-18,121027,29,1,iOS,7,1,1,7
2025-02-18,10111,29,1,Android,2,7,1,2
2025-02-18,20612,22,1,iOS,3,10,1,3
2025-02-18,21454,32,0,iOS,7,2,1,1
2025-02-18,16319,15,1,iOS,4,4,1,3
2025-02-18,16347,24,0,iOS,4,1,1,4
2025-02-18,116470,23,0,Android,4,12,1,4
2025-02-18,17662,20,0,Android,5,14,1,5
2025-02-18,128520,18,1,iOS,6,1,1,6
2025-02-18,9624,33,1,Android,7,0,0,3
2025-02-18,11289,31,1,iOS,4,0,0,4
2025-02-18,125639,15,1,Android,5,0,0,1
2025-02-18,124822,37,1,Android,4,1,1,2
2025-02-18,128185,19,1,Android,6,0,0,6
2025-02-18,128467,32,1,Android,6,4,1,6
2025-02-18,117665,21,1,iOS,5,10,1,5
2025-02-18,119329,15,1,iOS,2,0,0,2
2025-02-18,16310,21,1,Android,9,2,1,8
2025-02-18,127777,22,0,iOS,4,13,1,4
2025-02-18,17443,27,0,Android,4,13,1,4
2025-02-18,115156,33,1,Android,5,10,1,1
2025-02-18,7226,38,0,iOS,9,2,1,2
2025-02-18,1872,38,1,Android,5,0,0,2
2025-02-18,122334,27,0,iOS,7,0,0,7
2025-02-18,110310,40,1,Android,5,0,0,2
2025-02-18,14936,31,0,Android,7,7,1,7
2025-02-18,108515,24,1,Android,10,21,1,10
2025-02-18,17706,21,0,Android,5,27,1,5
2025-02-18,115227,21,1,Android,9,15,1,9
2025-02-18,125252,48,0,iOS,4,0,0,2
2025-02-18,14496,22,1,Android,6,3,1,6
2025-02-18,125322,19,1,Android,4,4,1,3
2025-02-18,5216,18,1,Android,11,0,0,11
2025-02-18,128404,18,1,iOS,9,0,0,8
2025-02-18,127905,23,1,iOS,13,2,1,12
2025-02-18,111223,16,1,Android,1,4,1,1
2025-02-18,12570,43,0,Android,7,0,0,2
2025-02-18,120127,35,0,iOS,6,2,1,2
2025-02-18,124549,36,1,Android,4,3,1,2
2025-02-18,12052,27,1,Android,9,1,1,8
2025-02-18,107900,45,1,iOS,2,0,0,2
2025-02-18,125588,53,1,Android,2,0,0,2
2025-02-18,125136,20,1,iOS,15,19,1,14
2025-02-18,16521,22,1,Android,9,8,1,9
2025-02-18,122681,16,0,iOS,3,0,0,3
2025-02-18,118181,21,1,Android,8,7,1,7
2025-02-18,121866,26,1,iOS,8,10,1,8
2025-02-18,20680,25,0,iOS,8,8,1,7
2025-02-18,21629,22,0,iOS,1,2,1,1
2025-02-18,111544,28,1,iOS,4,5,1,4
2025-02-18,114937,19,0,Android,3,0,0,3
2025-02-18,117949,45,1,Android,7,0,0,2
2025-02-18,19489,31,0,Android,5,8,1,5
2025-02-18,120770,26,0,Android,2,17,1,2
2025-02-18,125805,22,0,Android,9,7,1,9
2025-02-18,4102,21,0,iOS,5,10,1,5
2025-02-18,122196,33,1,Android,12,0,0,10
2025-02-18,121736,30,0,Android,5,2,1,5
2025-02-18,122456,26,1,iOS,8,0,0,6
2025-02-18,124952,17,0,iOS,8,0,0,8
2025-02-18,115716,22,1,Android,8,0,0,7
2025-02-18,117912,32,1,Android,2,4,1,1
2025-02-18,124616,30,0,iOS,6,5,1,5
2025-02-18,111330,21,1,Android,4,0,0,4
2025-02-18,127582,18,1,Android,6,1,1,4
2025-02-18,119640,16,1,Android,6,0,0,3
2025-02-18,125343,25,1,Android,10,5,1,9
2025-02-18,108133,18,1,Android,8,20,1,8
2025-02-18,3065,16,0,Android,5,0,0,5
2025-02-18,11609,23,0,Android,11,0,0,10
2025-02-18,110228,16,0,iOS,6,2,1,6
2025-02-18,21400,29,1,Android,8,0,0,7
2025-02-18,116761,20,1,Android,5,0,0,5
2025-02-18,9551,38,1,Android,5,0,0,2
2025-02-18,128316,15,1,Android,8,6,1,3
2025-02-18,21649,22,1,iOS,16,26,1,16
2025-02-18,123975,21,1,Android,5,0,0,5
2025-02-18,117724,31,1,Android,4,0,0,4
2025-02-18,15782,46,0,Android,7,0,0,4
2025-02-18,19379,22,1,Android,6,8,1,6
2025-02-18,110446,18,0,iOS,6,0,0,6
2025-02-18,107786,30,1,Android,15,25,1,15
2025-02-18,116414,25,1,iOS,3,9,1,3
2025-02-18,10780,23,1,Android,7,0,0,7
2025-02-18,128069,26,0,Android,2,2,1,2
2025-02-18,123956,33,0,Android,13,9,1,6
2025-02-18,2188,19,1,Android,12,12,1,12
2025-02-18,127452,24,1,Android,5,5,1,5
2025-02-18,119271,33,0,Android,13,2,1,5
2025-02-18,122404,33,0,Android,3,2,1,2
2025-02-18,121101,32,1,Android,3,0,0,3
2025-02-18,112613,18,0,Android,4,1,1,4
2025-02-18,116581,32,0,Android,8,7,1,7
2025-02-18,122496,18,0,Android,7,8,1,7
2025-02-18,122015,40,1,iOS,8,1,1,2
2025-02-18,21590,19,0,Android,7,15,1,6
2025-02-18,109254,16,0,iOS,3,7,1,3
2025-02-18,19904,21,1,Android,11,1,1,10
2025-02-18,3374,25,0,Android,1,12,1,1
2025-02-18,123012,27,0,Android,7,10,1,7
2025-02-18,16084,53,1,iOS,3,0,0,2
2025-02-18,115953,57,1,Android,4,486,1,2
2025-02-18,124356,23,1,iOS,4,0,0,4
2025-02-18,21190,20,0,Android,3,0,0,3
2025-02-18,18157,15,1,Android,10,316,1,7
2025-02-18,114545,14,1,iOS,4,0,0,1
2025-02-18,125861,18,0,Android,9,3,1,9
2025-02-18,21703,25,0,iOS,2,7,1,2
2025-02-18,126891,17,1,iOS,9,3,1,8
2025-02-18,16644,25,1,iOS,3,6,1,3
2025-02-18,7794,21,0,Android,0,7,1,0
2025-02-18,124241,18,0,iOS,6,12,1,6
2025-02-18,124596,32,1,iOS,0,1,1,0
2025-02-18,22098,23,0,iOS,2,12,1,2
2025-02-18,17395,40,1,Android,4,0,0,2
2025-02-18,1831,22,1,Android,5,5,1,5
2025-02-18,109479,16,1,Android,4,4,1,4
2025-02-18,117074,32,0,Android,5,0,0,5
2025-02-18,126936,28,0,iOS,6,0,0,6
2025-02-18,115622,23,1,Android,10,28,1,9
2025-02-18,119117,41,0,Android,18,0,0,4
2025-02-18,5893,25,1,Android,7,9,1,7
2025-02-18,125710,19,1,Android,5,3,1,5
2025-02-18,109230,16,0,Android,3,10,1,3
2025-02-18,125581,20,1,Android,7,21,1,7
2025-02-18,18341,17,0,iOS,7,0,0,7
2025-02-18,10131,43,1,Android,5,0,0,2
2025-02-18,9977,24,1,Android,16,12,1,16
2025-02-18,8973,32,0,iOS,5,136,1,4
2025-02-18,121932,28,1,iOS,3,3,1,3
2025-02-18,117627,73,1,Android,8,0,0,4
2025-02-18,124297,39,0,iOS,3,0,0,2
2025-02-18,121984,24,0,Android,18,33,1,16
2025-02-18,122632,30,0,iOS,7,5,1,6
2025-02-18,127640,21,0,Android,5,7,1,5
2025-02-18,20284,25,1,Android,9,7,1,9
2025-02-18,112870,55,0,Android,14,0,0,4
2025-02-18,22124,19,0,iOS,8,0,0,8
2025-02-18,115232,29,0,Android,5,13,1,5
2025-02-18,5003,27,1,iOS,2,17,1,2
2025-02-18,9152,21,1,Android,2,0,0,2
2025-02-18,128156,21,1,iOS,8,7,1,8
2025-02-18,127222,50,1,iOS,5,0,0,2
2025-02-18,15553,62,1,Android,10,0,0,2
2025-02-18,122907,18,1,iOS,10,18,1,10
2025-02-18,123795,20,1,Android,4,8,1,4
2025-02-18,3153,23,0,Android,8,0,0,7
2025-02-18,120977,25,1,iOS,7,9,1,6
2025-02-18,22193,28,0,iOS,5,6,1,5
2025-02-18,15918,20,0,Android,2,0,0,2
2025-02-18,13023,18,0,iOS,4,1,1,4
2025-02-18,110814,50,0,Android,7,0,0,2
2025-02-18,17294,31,1,Android,3,2,1,1
2025-02-18,119396,17,1,iOS,13,1,1,12
2025-02-18,13119,38,0,iOS,7,3,1,2
2025-02-18,108764,16,0,Android,2,0,0,2
2025-02-18,111372,35,1,Android,9,0,0,2
2025-02-18,22207,27,1,Android,2,2,1,2
2025-02-18,19402,37,0,Android,5,0,0,2
2025-02-18,114427,29,1,Android,1,0,0,1
2025-02-18,18350,27,0,Android,3,4,1,3
2025-02-18,17105,40,1,Android,4,0,0,2
2025-02-18,121463,16,1,Android,8,6,1,6
2025-02-18,17084,28,0,iOS,6,4,1,6
2025-02-18,109474,46,1,iOS,1,0,0,1
2025-02-18,6569,20,1,iOS,11,4,1,11
2025-02-18,120416,26,0,Android,5,9,1,5
2025-02-18,112511,19,1,Android,3,2,1,3
2025-02-18,16650,41,1,Android,7,1,1,4
2025-02-18,123920,33,1,iOS,2,4,1,2
2025-02-18,121127,41,1,Android,12,0,0,2
2025-02-18,117519,24,0,iOS,11,11,1,10
2025-02-18,22001,17,1,Android,5,4,1,4
2025-02-18,120957,19,1,Android,7,4,1,6
2025-02-18,125059,37,0,Android,3,2,1,1
2025-02-18,17697,20,0,Android,8,0,0,8
2025-02-18,17291,18,1,Android,4,7,1,4
2025-02-18,110651,27,0,Android,6,4,1,5
2025-02-18,124488,26,0,Android,10,8,1,10
2025-02-18,115547,43,1,iOS,9,0,0,2
2025-02-18,7970,16,1,Android,5,0,0,5
2025-02-18,108575,17,1,iOS,2,5,1,2
2025-02-18,116489,23,1,Android,14,16,1,13
2025-02-18,6413,41,0,iOS,5,0,0,2
2025-02-18,120559,16,0,Android,15,0,0,12
2025-02-18,5550,23,1,iOS,4,12,1,4
2025-02-18,126037,19,1,iOS,5,5,1,5
2025-02-18,126682,18,0,iOS,4,1,1,4
2025-02-18,117266,20,1,iOS,19,12,1,18
2025-02-18,127959,28,0,Android,2,0,0,2
2025-02-18,19099,17,0,Android,13,0,0,11
2025-02-18,13971,25,0,iOS,2,7,1,2
2025-02-18,21398,40,1,Android,12,0,0,4
2025-02-18,19384,25,1,Android,2,20,1,2
2025-02-18,120924,21,1,Android,2,2,1,2
2025-02-18,110797,41,1,iOS,5,19,1,2
2025-02-18,120833,38,1,iOS,2,2,1,2
2025-02-18,128580,43,1,iOS,3,0,0,2
2025-02-18,617,36,1,Android,7,4,1,2
2025-02-18,8995,45,0,iOS,1,0,0,1
2025-02-18,128365,29,1,Android,14,14,1,14
2025-02-18,115689,14,0,Android,2,0,0,1
2025-02-18,17757,18,0,Android,7,0,0,7
2025-02-18,12806,22,1,iOS,3,11,1,3
2025-02-18,16778,34,0,iOS,14,2,1,6
2025-02-18,15661,19,1,iOS,4,5,1,4
2025-02-18,6403,25,1,Android,6,10,1,6
2025-02-18,21891,35,1,Android,0,3,1,0
2025-02-18,18206,42,1,Android,6,0,0,2
2025-02-18,107087,17,1,Android,3,0,0,3
2025-02-18,107881,27,1,Android,9,0,0,7
2025-02-18,117450,22,0,iOS,4,10,1,4
2025-02-18,13677,38,0,Android,6,0,0,2
2025-02-18,116023,22,1,Android,9,12,1,8
2025-02-18,1657,41,1,Android,8,0,0,2
2025-02-18,13319,21,0,Android,3,4,1,3
2025-02-18,118308,49,1,Android,7,0,0,2
2025-02-18,11579,20,1,Android,5,1,1,5
2025-02-18,116013,25,0,Android,11,38,1,11
2025-02-18,14642,27,1,iOS,4,6,1,4
2025-02-18,1619,33,1,Android,9,11,1,7
2025-02-18,125370,21,1,Android,6,0,0,6
2025-02-18,4397,22,0,iOS,4,6,1,4
2025-02-18,22097,23,1,Android,1,10,1,1
2025-02-18,123585,19,0,Android,4,13,1,4
2025-02-18,18888,27,0,Android,4,9,1,4
2025-02-18,3039,33,1,Android,7,13,1,6
2025-02-18,123130,21,1,iOS,2,9,1,2
2025-02-18,120426,61,1,iOS,11,0,0,2
2025-02-18,123913,25,1,Android,2,6,1,2
2025-02-18,116557,33,0,iOS,8,11,1,4
2025-02-18,19054,26,1,Android,3,1,1,3
2025-02-18,877,35,0,Android,4,0,0,2
2025-02-18,127941,23,1,Android,4,5,1,4
2025-02-18,20503,40,1,Android,8,0,0,2
2025-02-18,127822,33,0,Android,4,9,1,4
2025-02-18,110537,23,1,Android,2,3,1,2
2025-02-18,7418,21,0,Android,4,3,1,4
2025-02-18,108579,25,0,iOS,5,2,1,5
2025-02-18,21626,43,1,Android,6,0,0,2
2025-02-18,18211,25,0,iOS,8,3,1,8
2025-02-18,22261,25,0,iOS,10,11,1,9
2025-02-18,107460,33,1,iOS,3,7,1,2
2025-02-18,128495,16,1,Android,3,0,0,2
2025-02-18,8987,32,0,iOS,7,9,1,6
2025-02-18,121221,19,1,Android,5,3,1,5
2025-02-18,122490,25,0,iOS,5,0,0,5
2025-02-18,14466,27,0,Android,7,3,1,7
2025-02-18,15989,29,1,Android,5,4,1,5
2025-02-18,127251,36,0,Android,4,0,0,2
2025-02-18,125911,15,1,iOS,9,0,0,2
2025-02-18,17435,23,1,Android,8,8,1,8
2025-02-18,116617,14,1,iOS,8,4,1,2
2025-02-18,19252,25,1,Android,4,11,1,4
2025-02-18,115250,22,0,Android,15,14,1,15
2025-02-18,108797,55,1,iOS,8,0,0,2
2025-02-18,111960,25,1,Android,9,1,1,9
2025-02-18,14060,17,1,Android,5,0,0,5
2025-02-18,10211,34,0,Android,1,7,1,1
2025-02-18,10189,22,1,Android,13,7,1,12
2025-02-18,115896,16,0,Android,12,5,1,9
2025-02-18,128478,17,1,Android,11,0,0,8
2025-02-18,16328,16,0,Android,7,11,1,7
2025-02-18,17024,16,0,Android,4,4,1,3
2025-02-18,128425,25,1,Android,11,0,0,10
2025-02-18,117965,28,1,Android,3,12,1,3
2025-02-18,112471,25,1,Android,6,3,1,6
2025-02-18,121367,30,1,Android,11,0,0,10
2025-02-18,9766,27,1,Android,6,0,0,6
2025-02-18,18656,29,1,Android,3,1,1,3
2025-02-18,121423,46,1,iOS,3,0,0,2
2025-02-18,122660,21,1,Android,5,5,1,5
2025-02-18,16155,22,1,iOS,13,11,1,13
2025-02-18,128604,34,1,Android,7,0,0,4
2025-02-18,117339,14,1,Android,6,0,0,2
2025-02-18,16142,33,1,Android,7,0,0,5
2025-02-18,124289,16,0,Android,2,4,1,2
2025-02-18,21201,22,1,iOS,14,4,1,13
2025-02-18,114207,19,1,iOS,4,0,0,4
2025-02-18,121774,22,0,Android,15,15,1,15
2025-02-18,16416,20,1,Android,9,3,1,8
2025-02-18,7982,40,1,Android,9,0,0,2
2025-02-18,108696,17,1,iOS,6,7,1,6
2025-02-18,17259,46,1,iOS,2,0,0,1
2025-02-18,18284,14,0,iOS,6,7,1,4
2025-02-18,9008,32,1,iOS,2,9,1,2
2025-02-18,123874,34,0,Android,7,3,1,4
2025-02-18,18746,38,1,Android,4,0,0,2
2025-02-18,125128,33,1,iOS,5,3,1,3
2025-02-18,121610,37,0,Android,7,2,1,2
2025-02-18,14598,15,0,Android,5,4,1,4
2025-02-18,122484,41,0,Android,8,0,0,2
2025-02-18,112114,16,1,Android,4,0,0,4
2025-02-18,115171,17,1,Android,15,2,1,13
2025-02-18,128534,15,1,Android,9,2,1,6
2025-02-18,19414,26,0,Android,7,3,1,7
2025-02-18,124030,21,1,iOS,8,5,1,7
2025-02-18,8630,63,1,iOS,6,0,0,2
2025-02-18,127372,45,0,iOS,7,0,0,2
2025-02-18,122695,27,0,iOS,9,3,1,9
2025-02-18,127947,20,1,Android,9,9,1,8
2025-02-18,21849,26,1,Android,2,0,0,2
2025-02-18,7017,30,0,iOS,4,3,1,4
2025-02-18,13893,14,1,Android,4,0,0,2
2025-02-18,120077,26,0,Android,3,4,1,3
2025-02-18,122271,24,0,Android,7,5,1,7
2025-02-18,271,36,0,Android,10,3,1,2
2025-02-18,121956,28,1,Android,6,5,1,6
2025-02-18,15847,20,1,iOS,4,3,1,4
2025-02-18,8242,22,1,Android,7,4,1,7
2025-02-18,115688,20,0,Android,8,7,1,7
2025-02-18,17263,22,1,Android,5,7,1,5
2025-02-18,122903,19,0,iOS,6,0,0,6
2025-02-18,112504,22,1,iOS,8,0,0,7
2025-02-18,128059,44,1,iOS,15,0,0,2
2025-02-18,128246,23,1,Android,4,3,1,4
2025-02-18,122941,38,1,Android,4,0,0,2
2025-02-18,19185,25,1,Android,5,0,0,5
2025-02-18,18921,36,1,Android,2,10,1,2
2025-02-18,15506,22,1,Android,3,0,0,3
2025-02-18,128268,17,0,iOS,7,0,0,6
2025-02-18,6090,23,0,iOS,3,11,1,3
2025-02-18,123087,17,1,iOS,11,1,1,10
2025-02-18,115842,40,0,Android,14,0,0,2
2025-02-18,124113,21,0,Android,12,9,1,12
2025-02-18,122898,30,1,iOS,2,4,1,2
2025-02-18,117439,28,1,iOS,8,6,1,8
2025-02-18,128523,19,1,Android,6,5,1,6
2025-02-18,121085,14,1,Android,6,0,0,3
2025-02-18,126537,26,1,Android,2,0,0,2
2025-02-18,114851,19,1,Android,3,8,1,3
2025-02-18,110061,19,1,iOS,7,21,1,6
2025-02-18,121864,42,0,Android,5,0,0,2
2025-02-18,126708,25,0,Android,3,5,1,3
2025-02-18,123181,22,1,Android,3,4,1,3
2025-02-18,121565,31,1,iOS,5,2,1,2
2025-02-18,19919,28,1,Android,9,12,1,9
2025-02-18,18574,28,1,Android,2,1,1,2
2025-02-18,121592,47,0,Android,2,0,0,2
2025-02-18,8900,49,0,iOS,5,0,0,2
2025-02-18,128487,22,1,Android,3,17,1,3
2025-02-18,21387,15,1,Android,9,0,0,3
2025-02-18,13686,20,0,Android,3,11,1,3
2025-02-18,114962,19,1,Android,5,7,1,5
2025-02-18,125029,28,0,iOS,8,1,1,8
2025-02-18,127876,23,1,iOS,4,0,0,4
2025-02-18,18939,16,0,iOS,3,8,1,3
2025-02-18,21206,17,1,Android,8,0,0,7
2025-02-18,18190,33,0,Android,6,0,0,2
2025-02-18,110256,28,0,Android,7,1,1,7
2025-02-18,10402,20,0,Android,3,3,1,3
2025-02-18,127826,18,0,Android,4,0,0,4
2025-02-18,124458,30,0,iOS,7,12,1,7
2025-02-18,119568,23,1,Android,10,16,1,10
2025-02-18,16810,19,1,Android,8,0,0,8
2025-02-18,123070,24,0,Android,8,0,0,8
2025-02-18,21953,35,1,Android,18,12,1,3
2025-02-18,17812,36,1,Android,10,0,0,2
2025-02-18,118083,20,1,iOS,8,2,1,8
2025-02-18,114400,43,0,iOS,1,0,0,1
2025-02-18,121688,62,1,Android,9,0,0,2
2025-02-18,22230,31,0,iOS,4,9,1,3
2025-02-18,10243,29,0,Android,8,8,1,8
2025-02-18,123993,37,1,Android,8,1,1,2
2025-02-18,21112,19,0,Android,4,7,1,4
2025-02-18,126580,18,1,iOS,7,4,1,7
2025-02-18,7620,27,0,iOS,7,8,1,7
2025-02-18,126835,38,0,iOS,5,9,1,2
2025-02-18,127882,20,0,iOS,2,2,1,2
2025-02-18,118425,32,0,Android,8,6,1,6
2025-02-18,128569,16,0,iOS,5,0,0,3
2025-02-18,19777,16,0,Android,4,5,1,4
2025-02-18,111827,22,0,Android,9,3,1,8
2025-02-18,6773,14,0,Android,2,0,0,2
2025-02-18,22281,20,1,Android,6,18,1,5
2025-02-18,128245,17,1,Android,10,0,0,10
2025-02-18,12631,24,0,Android,5,19,1,5
2025-02-18,126224,35,1,Android,12,18,1,2
2025-02-18,118456,44,0,iOS,9,0,0,2
2025-02-18,18713,23,1,Android,8,6,1,8
2025-02-18,123439,32,1,iOS,3,12,1,3
2025-02-18,108973,31,1,Android,8,13,1,8
2025-02-18,127993,19,1,Android,4,0,0,4
2025-02-18,18330,44,1,Android,14,0,0,2
2025-02-18,2380,25,0,iOS,4,2,1,4
2025-02-18,125912,39,1,Android,8,0,0,2
2025-02-18,125270,25,1,Android,3,2,1,3
2025-02-18,126125,25,1,Android,3,0,0,3
2025-02-18,14511,20,1,iOS,5,9,1,5
2025-02-18,128016,56,0,Android,4,0,0,2
2025-02-18,14079,20,1,iOS,2,1,1,2
2025-02-18,19921,22,1,Android,1,0,0,1
2025-02-18,127690,18,1,Android,7,0,0,7
2025-02-18,118992,17,0,Android,6,4,1,6
2025-02-18,19181,19,0,Android,4,3,1,4
2025-02-18,15835,16,0,iOS,4,0,0,4
2025-02-18,110234,35,1,Android,13,18,1,3
2025-02-18,108013,19,0,Android,7,5,1,6
2025-02-18,108038,21,0,Android,7,3,1,7
2025-02-18,4170,23,0,iOS,7,5,1,7
2025-02-18,20964,19,1,Android,8,3,1,8
2025-02-18,21339,21,1,Android,6,14,1,6
2025-02-18,14727,24,1,Android,13,23,1,13
2025-02-18,109600,21,0,iOS,7,0,0,7
2025-02-18,5289,28,0,Android,7,5,1,7
2025-02-18,21685,20,1,Android,6,10,1,6
2025-02-18,113566,35,0,Android,1,1,1,1
2025-02-18,21938,32,0,Android,9,0,0,7
2025-02-18,15706,19,0,Android,3,3,1,3
2025-02-18,125339,17,0,Android,18,2,1,16
2025-02-18,115588,15,1,iOS,4,13,1,2
2025-02-18,123248,18,1,iOS,6,0,0,6
2025-02-18,8429,32,1,Android,7,6,1,5
2025-02-18,21411,23,1,Android,7,19,1,7
2025-02-18,21183,19,0,Android,7,3,1,6
2025-02-18,112681,20,1,Android,2,10,1,2
2025-02-18,10162,22,1,Android,3,19,1,3
2025-02-18,16197,20,0,Android,7,8,1,7
2025-02-18,115198,19,1,Android,9,8,1,9
2025-02-18,128254,38,0,Android,6,0,0,2
2025-02-18,21723,54,0,iOS,5,0,0,2
2025-02-18,17410,30,0,Android,7,0,0,6
2025-02-18,127160,18,1,Android,3,0,0,3
2025-02-18,7373,27,0,iOS,5,5,1,5
2025-02-18,119270,19,1,Android,10,0,0,10
2025-02-18,125205,23,1,iOS,12,49,1,12
2025-02-18,17938,47,0,iOS,4,0,0,2
2025-02-18,18392,32,1,Android,1,0,0,1
2025-02-18,123708,22,0,iOS,1,8,1,1
2025-02-18,118605,37,0,iOS,4,5,1,2
2025-02-18,22021,29,1,iOS,6,0,0,6
2025-02-18,8340,22,1,iOS,7,12,1,7
2025-02-18,20268,43,0,Android,9,0,0,2
2025-02-18,10240,15,0,iOS,8,3,1,3
2025-02-18,128535,29,0,iOS,8,1,1,7
2025-02-18,110218,19,1,Android,5,2,1,5
2025-02-18,9602,30,0,iOS,13,15,1,12
2025-02-18,119227,25,1,iOS,4,0,0,4
2025-02-18,125151,33,0,Android,0,4,1,0
2025-02-18,19597,14,1,Android,8,8,1,2
2025-02-18,22064,42,0,Android,4,0,0,2
2025-02-18,4506,19,1,iOS,7,9,1,7
2025-02-18,127397,16,1,Android,6,0,0,6
2025-02-18,7433,25,1,Android,9,0,0,8
2025-02-18,123400,61,1,iOS,14,0,0,2
2025-02-18,117906,24,1,iOS,9,21,1,9
2025-02-18,18122,41,0,Android,5,0,0,2
2025-02-18,126412,42,1,Android,3,163,1,1
2025-02-18,8924,36,1,Android,8,0,0,1
2025-02-18,119531,19,1,Android,5,4,1,5
2025-02-18,9660,16,0,Android,6,9,1,6
2025-02-18,116240,22,0,iOS,4,11,1,4
2025-02-18,21896,22,0,Android,4,0,0,4
2025-02-18,109045,24,1,iOS,4,0,0,4
2025-02-18,918,16,1,Android,3,6,1,3
2025-02-18,7094,21,1,Android,19,2,1,19
2025-02-18,121381,32,1,Android,2,1,1,2
2025-02-18,13237,26,0,iOS,5,11,1,5
2025-02-18,122099,42,0,iOS,2,0,0,2
2025-02-18,123025,29,0,Android,4,5,1,4
2025-02-18,123612,44,0,iOS,17,0,0,2
2025-02-18,123193,30,1,iOS,4,7,1,4
2025-02-18,10869,24,1,Android,8,14,1,8
2025-02-18,122511,35,0,Android,6,2,1,2
2025-02-18,8042,18,1,iOS,2,8,1,1
2025-02-18,20462,21,0,iOS,2,6,1,2
2025-02-18,111724,34,0,Android,4,2,1,1
2025-02-18,125526,16,1,Android,2,1,1,2
2025-02-18,116973,16,0,iOS,7,4,1,7
2025-02-18,127923,34,1,Android,11,0,0,2
2025-02-18,127772,38,1,Android,8,0,0,2
2025-02-18,117583,30,0,Android,10,0,0,10
2025-02-18,119368,47,0,Android,12,0,0,7
2025-02-18,127493,33,0,Android,2,9,1,2
2025-02-18,19619,34,1,iOS,4,0,0,2
2025-02-18,10142,25,0,Android,12,5,1,12
2025-02-18,128026,17,1,iOS,3,1,1,3
2025-02-18,17623,17,1,iOS,3,9,1,3
2025-02-18,107843,70,1,Android,1,0,0,1
2025-02-18,21878,25,1,iOS,3,5,1,3
2025-02-18,123493,31,0,iOS,5,0,0,4
2025-02-18,22008,34,1,iOS,6,1,1,2
2025-02-18,112616,47,1,Android,19,0,0,4
2025-02-18,14769,37,0,iOS,12,0,0,2
2025-02-18,123601,24,0,Android,11,2,1,11
2025-02-18,108441,20,1,Android,8,1,1,8
2025-02-18,119982,31,1,Android,21,2,1,16
2025-02-18,110880,22,0,iOS,9,13,1,9
2025-02-18,127779,36,0,Android,3,1,1,1
2025-02-18,109771,20,1,iOS,4,13,1,4
2025-02-18,126262,23,0,iOS,3,7,1,3
2025-02-18,20839,22,1,Android,9,11,1,9
2025-02-18,124742,19,0,iOS,8,0,0,8
2025-02-18,111381,36,1,Android,13,3,1,2
2025-02-18,10689,18,1,Android,4,15,1,4
2025-02-18,9347,20,0,iOS,6,2,1,6
2025-02-18,116637,14,1,iOS,4,1,1,2
2025-02-18,107832,43,1,iOS,4,1,1,2
2025-02-18,21402,22,0,iOS,5,15,1,4
2025-02-18,108542,34,1,Android,10,0,0,2
2025-02-18,122370,33,0,iOS,3,6,1,3
2025-02-18,126971,16,0,Android,6,0,0,5
2025-02-18,10704,19,0,Android,11,1,1,9
2025-02-18,116454,15,0,Android,5,4,1,4
2025-02-18,118757,42,0,Android,11,7,1,2
2025-02-18,18041,37,0,Android,9,4,1,2
2025-02-18,127995,17,0,Android,2,1,1,2
2025-02-18,20935,19,0,iOS,5,6,1,5
2025-02-18,19513,21,1,iOS,8,10,1,6
2025-02-18,21937,19,0,Android,8,21,1,7
2025-02-18,123543,17,0,Android,6,11,1,6
2025-02-18,123362,24,1,iOS,7,9,1,6
2025-02-18,10231,21,1,Android,2,0,0,2
2025-02-18,109365,37,0,iOS,1,0,0,1
2025-02-18,118299,16,0,iOS,11,6,1,10
2025-02-18,9521,28,1,iOS,7,13,1,7
2025-02-18,16787,22,0,Android,9,11,1,9
2025-02-18,128046,29,0,iOS,10,14,1,10
2025-02-18,125937,18,1,Android,5,0,0,5
2025-02-18,119835,16,1,iOS,8,4,1,8
2025-02-18,107959,18,1,Android,3,4,1,3
2025-02-18,115176,23,1,iOS,12,20,1,12
2025-02-18,110667,30,0,Android,7,23,1,7
2025-02-18,119940,19,0,iOS,8,13,1,8
2025-02-18,126068,15,1,Android,16,10,1,11
2025-02-18,125031,20,1,Android,2,0,0,2
2025-02-18,120726,21,1,Android,9,0,0,7
2025-02-18,20844,22,0,Android,19,21,1,18
2025-02-18,14184,66,1,Android,5,0,0,2
2025-02-18,17924,43,0,Android,6,0,0,2
2025-02-18,21258,35,1,Android,7,2,1,2
2025-02-18,8591,23,0,Android,2,0,0,1
2025-02-18,7155,18,1,iOS,5,3,1,5
2025-02-18,16936,15,1,iOS,7,0,0,1
2025-02-18,118426,19,0,Android,5,12,1,5
2025-02-18,10159,22,0,Android,8,12,1,8
2025-02-18,3123,15,1,iOS,3,0,0,3
2025-02-18,18019,36,1,Android,9,2,1,2
2025-02-18,112544,28,1,Android,8,2,1,8
2025-02-18,17786,21,0,iOS,3,11,1,3
2025-02-18,117793,20,0,iOS,3,0,0,3
2025-02-18,16437,47,1,iOS,4,0,0,1
2025-02-18,15119,22,0,Android,2,6,1,2
2025-02-18,8852,15,0,iOS,2,0,0,2
2025-02-18,116901,16,0,Android,10,6,1,9
2025-02-18,2707,15,0,iOS,20,2,1,10
2025-02-18,123594,17,1,Android,8,3,1,8
2025-02-18,124758,30,1,Android,7,7,1,6
2025-02-18,11306,44,0,Android,1,0,0,1
2025-02-18,122270,28,0,Android,7,6,1,6
2025-02-18,127870,23,1,iOS,2,0,0,2
2025-02-18,125114,31,1,iOS,5,0,0,1
2025-02-18,128247,42,1,Android,4,2,1,2
2025-02-18,113998,32,0,iOS,13,9,1,10
2025-02-18,8958,21,1,iOS,4,6,1,4
2025-02-18,109999,32,0,Android,5,11,1,5
2025-02-18,126433,16,0,iOS,6,8,1,6
2025-02-18,107625,17,1,iOS,7,5,1,7
2025-02-18,116813,17,1,iOS,7,0,0,7
2025-02-18,107405,24,0,iOS,10,0,0,10
2025-02-18,115704,17,1,Android,4,4,1,4
2025-02-18,115003,40,1,Android,11,2,1,2
2025-02-18,118664,20,0,Android,10,20,1,10
2025-02-18,121957,18,1,iOS,16,2,1,15
2025-02-18,17122,20,0,iOS,12,9,1,12
2025-02-18,22189,24,0,iOS,9,13,1,8
2025-02-18,122175,21,0,Android,5,7,1,5
2025-02-18,128529,16,0,Android,7,17,1,6
2025-02-18,128083,25,1,Android,7,0,0,7
2025-02-18,114690,28,1,iOS,5,13,1,5
2025-02-18,128144,22,1,iOS,21,19,1,19
2025-02-18,122629,31,0,Android,1,0,0,1
2025-02-18,15330,20,1,iOS,2,1,1,2
2025-02-18,11011,39,1,iOS,4,0,0,2
2025-02-18,12958,22,0,iOS,9,0,0,8
2025-02-18,128334,44,0,Android,11,0,0,2
2025-02-18,5241,35,0,Android,4,0,0,3
2025-02-18,17190,18,0,iOS,3,0,0,3
2025-02-18,117868,23,1,Android,9,9,1,9
2025-02-18,5737,33,0,Android,8,6,1,8
2025-02-18,124761,34,1,Android,5,0,0,3
2025-02-18,128027,19,0,Android,9,5,1,9
2025-02-18,116044,25,1,iOS,16,12,1,15
2025-02-18,17072,34,0,Android,7,4,1,2
2025-02-18,12888,20,1,Android,6,20,1,6
2025-02-18,9900,20,0,iOS,5,8,1,5
2025-02-18,109613,22,0,Android,4,6,1,4
2025-02-18,118993,50,1,Android,11,0,0,2
2025-02-18,117806,27,0,Android,0,10,1,0
2025-02-18,121553,41,1,iOS,3,0,0,2
2025-02-18,127751,22,0,Android,8,6,1,8
2025-02-18,11846,21,1,iOS,1,9,1,1
2025-02-18,126511,27,1,iOS,14,5,1,13
2025-02-18,8628,30,1,Android,7,0,0,7
2025-02-18,126453,22,0,Android,15,4,1,15
2025-02-18,123878,22,0,iOS,12,15,1,12
2025-02-18,114459,15,1,Android,1,3,1,1
2025-02-18,22283,25,1,Android,8,0,0,8
2025-02-18,122381,22,0,Android,5,14,1,5
2025-02-18,109797,22,1,iOS,9,22,1,9
2025-02-18,18998,16,0,iOS,8,3,1,8
2025-02-18,127797,14,0,Android,6,1,1,1
2025-02-18,126484,32,1,Android,8,8,1,6
2025-02-18,117301,18,0,Android,3,2,1,3
2025-02-18,109746,30,0,iOS,4,7,1,3
2025-02-18,122499,45,0,Android,5,0,0,2
2025-02-18,123298,15,1,Android,5,4,1,5
2025-02-18,123385,39,0,iOS,7,0,0,2
2025-02-18,127042,19,1,Android,11,17,1,10
2025-02-18,119850,20,0,Android,6,11,1,6
2025-02-18,22286,20,0,Android,3,9,1,3
2025-02-18,122918,17,0,iOS,6,2,1,6
2025-02-18,22232,15,1,iOS,12,16,1,6
2025-02-18,123169,22,1,Android,9,12,1,9
2025-02-18,3440,16,0,Android,6,12,1,5
2025-02-18,116001,40,0,iOS,3,0,0,1
2025-02-18,114497,22,0,iOS,5,7,1,5
2025-02-18,114112,16,1,Android,8,0,0,7
2025-02-18,16857,58,1,Android,9,0,0,2
2025-02-18,119597,18,0,iOS,12,16,1,12
2025-02-18,4728,18,0,Android,5,0,0,5
2025-02-18,123483,30,1,Android,4,0,0,4
2025-02-18,15093,21,1,Android,13,13,1,13
2025-02-18,8593,18,0,Android,3,7,1,3
2025-02-18,19713,38,0,Android,10,1,1,2
2025-02-18,14104,36,0,Android,17,10,1,5
2025-02-18,128463,19,1,Android,12,0,0,12
2025-02-18,19458,29,0,iOS,3,0,0,3
2025-02-18,115576,31,0,Android,9,9,1,8
2025-02-18,120199,30,1,Android,15,11,1,13
2025-02-18,124017,23,0,Android,3,0,0,3
2025-02-18,16641,15,1,Android,11,7,1,5
2025-02-18,126929,19,0,iOS,2,164,1,2
2025-02-18,15055,26,1,Android,3,2,1,3
2025-02-18,15281,28,1,Android,6,7,1,6
2025-02-18,21325,20,0,Android,11,12,1,11
2025-02-18,128459,18,1,iOS,5,0,0,5
2025-02-18,9254,23,0,iOS,10,8,1,9
2025-02-18,21617,17,1,Android,6,0,0,6
2025-02-18,110579,21,1,Android,1,4,1,1
2025-02-18,118547,23,0,iOS,2,1,1,2
2025-02-18,121786,23,1,Android,8,0,0,6
2025-02-18,10458,14,1,iOS,6,0,0,4
2025-02-18,107690,17,1,Android,9,0,0,7
2025-02-18,18172,31,1,Android,3,3,1,2
2025-02-18,117582,32,1,Android,7,6,1,7
2025-02-18,123880,16,1,Android,9,8,1,9
2025-02-18,112667,20,1,iOS,2,5,1,2
2025-02-18,12710,23,1,Android,3,16,1,3
2025-02-18,21463,20,1,Android,6,7,1,6
2025-02-18,21827,33,0,Android,2,0,0,1
2025-02-18,122338,21,1,Android,15,3,1,15
2025-02-18,10210,26,0,iOS,7,0,0,7
2025-02-18,126042,48,1,iOS,6,0,0,2
2025-02-18,115880,16,1,iOS,2,0,0,2
2025-02-18,114171,23,0,Android,8,10,1,7
2025-02-18,16199,19,0,iOS,7,10,1,7
2025-02-18,4363,14,0,iOS,1,1,1,1
2025-02-18,17745,41,1,Android,5,1,1,2
2025-02-18,17776,22,1,Android,10,6,1,10
2025-02-18,128007,53,0,iOS,2,0,0,2
2025-02-18,115164,20,0,iOS,4,6,1,4
2025-02-18,114559,18,1,iOS,5,0,0,5
2025-02-18,128118,21,1,Android,4,6,1,4
2025-02-18,122045,34,0,Android,6,0,0,2
2025-02-18,121876,14,1,iOS,3,1,1,1
2025-02-18,117264,21,1,iOS,7,3,1,7
2025-02-18,19668,22,1,Android,4,5,1,4
2025-02-18,121106,15,1,iOS,10,0,0,7
2025-02-18,113633,23,1,Android,7,20,1,7
2025-02-18,127999,21,0,Android,7,0,0,7
2025-02-18,19389,15,1,iOS,3,3,1,3
2025-02-18,116666,43,1,iOS,8,0,0,2
2025-02-18,17764,16,1,iOS,8,0,0,8
2025-02-18,17639,23,1,iOS,8,10,1,8
2025-02-18,14740,20,0,Android,2,6,1,2
2025-02-18,122275,15,0,Android,4,0,0,2
2025-02-18,17716,15,0,Android,9,0,0,3
2025-02-18,109720,18,0,Android,9,16,1,9
2025-02-18,115545,19,1,iOS,9,0,0,9
2025-02-18,127946,34,1,iOS,3,5,1,3
2025-02-18,127104,20,0,iOS,10,12,1,10
2025-02-18,126904,40,1,iOS,2,0,0,1
2025-02-18,123238,19,1,iOS,6,7,1,6
2025-02-18,122508,17,1,Android,7,4,1,7
2025-02-18,125171,22,0,Android,5,6,1,5
2025-02-18,123714,19,1,iOS,11,5,1,9
2025-02-18,8452,19,1,iOS,5,3,1,5
2025-02-18,9812,29,0,Android,3,2,1,3
2025-02-18,116447,42,0,iOS,5,0,0,2
2025-02-18,120814,25,0,Android,6,11,1,6
2025-02-18,3228,55,0,Android,2,0,0,2
2025-02-18,124959,24,0,Android,12,16,1,12
2025-02-18,110276,17,1,Android,9,5,1,7
2025-02-18,119705,38,1,iOS,11,0,0,2
2025-02-18,109794,15,1,Android,5,0,0,2
2025-02-18,123580,39,0,Android,8,0,0,2
2025-02-18,116154,36,1,Android,7,0,0,2
2025-02-18,22117,24,0,Android,9,0,0,9
2025-02-18,124583,32,1,iOS,13,1,1,7
2025-02-18,126204,32,0,Android,13,13,1,10
2025-02-18,117490,28,1,Android,1,8,1,1
2025-02-18,120351,21,0,Android,10,0,0,10
2025-02-18,2761,23,1,Android,8,6,1,8
2025-02-18,21555,36,1,Android,8,0,0,2
2025-02-18,117009,59,0,Android,2,0,0,1
2025-02-18,19211,24,0,Android,8,0,0,8
2025-02-18,19377,24,0,Android,8,6,1,8
2025-02-18,118916,37,0,Android,3,0,0,1
2025-02-18,16691,24,0,Android,7,0,0,7
2025-02-18,123244,31,1,Android,2,1,1,2
2025-02-18,8097,47,1,Android,10,0,0,2
2025-02-18,112513,34,1,Android,4,0,0,1
2025-02-18,118058,15,0,Android,4,2,1,2
2025-02-18,120939,20,1,iOS,6,0,0,5
2025-02-18,9339,46,1,iOS,11,0,0,2
2025-02-18,15194,19,0,Android,5,12,1,4
2025-02-18,1427,25,1,iOS,3,3,1,3
2025-02-18,122324,21,1,Android,3,6,1,3
2025-02-18,9877,45,1,Android,10,0,0,2
2025-02-18,123090,22,1,Android,5,6,1,5
2025-02-18,18663,31,1,Android,9,7,1,8
2025-02-18,18309,28,1,iOS,11,19,1,11
2025-02-18,118047,29,1,iOS,8,2,1,8
2025-02-18,1537,16,0,Android,4,1,1,4
2025-02-18,20359,22,1,iOS,5,9,1,5
2025-02-18,115537,46,1,iOS,2,0,0,1
2025-02-18,124463,24,1,Android,3,3,1,3
2025-02-18,108204,19,1,Android,12,0,0,12
2025-02-18,21948,21,1,Android,2,11,1,2
2025-02-18,127992,16,1,iOS,9,26,1,9
2025-02-18,21746,26,1,Android,9,0,0,9
2025-02-18,17916,22,1,Android,6,8,1,6
2025-02-18,20221,34,1,iOS,8,8,1,2
2025-02-18,18799,47,1,Android,2,0,0,2
2025-02-18,123214,29,0,Android,1,2,1,1
2025-02-18,8822,21,1,Android,7,3,1,6
2025-02-18,17211,23,1,Android,6,29,1,6
2025-02-18,124449,31,1,iOS,4,0,0,3
2025-02-18,481,37,0,Android,8,9,1,2
2025-02-18,121668,28,0,Android,6,12,1,6
2025-02-18,110726,78,1,Android,4,0,0,2
2025-02-18,9485,44,1,iOS,12,0,0,2
2025-02-18,22046,38,0,Android,10,0,0,2
2025-02-18,107765,23,1,iOS,15,18,1,15
2025-02-18,10559,24,0,Android,9,0,0,8
2025-02-18,15338,21,0,Android,3,9,1,3
2025-02-18,115126,22,0,Android,6,10,1,6
2025-02-18,21574,19,0,iOS,4,5,1,4
2025-02-18,20511,24,0,Android,7,9,1,7
2025-02-18,2938,60,1,Android,17,0,0,4
2025-02-18,128303,24,0,iOS,7,11,1,7
2025-02-18,117821,23,0,Android,5,18,1,5
2025-02-18,119255,25,0,iOS,5,15,1,5
2025-02-18,17910,16,1,Android,5,13,1,5
2025-02-18,122033,35,1,Android,3,0,0,2
2025-02-18,13743,34,0,iOS,5,2,1,2
2025-02-18,114149,15,1,Android,5,31,1,4
2025-02-18,117206,41,0,Android,7,0,0,3
2025-02-18,124382,38,0,Android,6,2,1,3
2025-02-18,118177,22,1,iOS,7,3,1,7
2025-02-18,123480,16,1,iOS,9,20,1,8
2025-02-18,4895,40,0,Android,3,0,0,2
2025-02-18,118366,24,1,Android,7,20,1,7
2025-02-18,17631,41,1,Android,8,0,0,2
2025-02-18,14350,18,0,iOS,7,6,1,6
2025-02-18,122807,20,1,Android,7,10,1,7
2025-02-18,114692,16,0,Android,3,5,1,3
2025-02-18,127280,26,0,Android,6,0,0,5
2025-02-18,124301,18,0,Android,7,7,1,7
2025-02-18,16509,54,1,iOS,3,0,0,2
2025-02-18,14673,22,1,Android,5,8,1,4
2025-02-18,125266,19,1,Android,11,0,0,11
2025-02-18,18744,35,1,iOS,5,0,0,2
2025-02-18,5501,22,1,iOS,8,7,1,7
2025-02-18,128343,17,1,Android,2,0,0,2
2025-02-18,9613,20,0,iOS,3,7,1,3
2025-02-18,121933,25,1,iOS,3,0,0,3
2025-02-18,115266,22,0,iOS,5,11,1,5
2025-02-18,123726,47,1,Android,8,0,0,2
2025-02-18,7612,19,1,Android,4,3,1,4
2025-02-18,11882,31,1,Android,4,7,1,4
2025-02-18,115348,32,1,iOS,5,6,1,5
2025-02-18,16901,66,1,iOS,9,0,0,2
2025-02-18,9625,18,0,Android,5,5,1,5
2025-02-18,4038,20,0,Android,8,0,0,8
2025-02-18,123196,28,0,iOS,3,6,1,3
2025-02-18,21607,27,1,iOS,14,23,1,14
2025-02-18,123898,21,0,Android,5,9,1,5
2025-02-18,14157,32,1,Android,5,0,0,4
2025-02-18,117190,32,1,Android,14,14,1,11
2025-02-18,21282,17,0,Android,8,7,1,8
2025-02-18,1340,36,1,iOS,3,1,1,2
2025-02-18,8325,18,0,Android,4,14,1,4
2025-02-18,125643,16,1,Android,8,13,1,6
2025-02-18,14494,39,1,Android,9,1,1,2
2025-02-18,21461,22,0,Android,8,8,1,8
2025-02-18,117508,38,0,Android,7,7,1,2
2025-02-18,122351,28,0,Android,2,5,1,2
2025-02-18,21597,20,1,iOS,3,0,0,3
2025-02-18,120998,51,1,Android,6,0,0,2
2025-02-18,122030,24,1,Android,8,9,1,8
2025-02-18,123061,19,1,iOS,7,1,1,7
2025-02-18,15226,42,1,Android,11,0,0,4
2025-02-18,125326,30,0,iOS,6,4,1,6
2025-02-18,115948,17,0,Android,5,12,1,5
2025-02-18,121954,47,1,Android,4,0,0,2
2025-02-18,122641,14,1,Android,12,13,1,6
2025-02-18,121313,31,0,iOS,9,6,1,1
2025-02-18,108543,14,1,Android,7,0,0,2
2025-02-18,111605,25,0,iOS,6,19,1,6
2025-02-18,111836,24,1,iOS,10,17,1,10
2025-02-18,108531,29,1,Android,6,7,1,6
2025-02-18,123625,26,1,Android,7,1,1,7
2025-02-18,117492,38,0,iOS,5,4,1,2
2025-02-18,15900,14,1,Android,5,1,1,4
2025-02-18,119061,45,1,iOS,3,0,0,2
2025-02-18,120786,17,0,Android,7,1,1,6
2025-02-18,9537,16,0,Android,8,9,1,8
2025-02-18,21266,43,1,iOS,13,0,0,2
2025-02-18,19914,16,1,Android,3,4,1,3
2025-02-18,107682,21,1,Android,7,4,1,6
2025-02-18,125097,23,1,Android,6,9,1,6
2025-02-18,128022,21,1,Android,9,185,1,9
2025-02-18,124069,45,0,Android,5,1,1,2
2025-02-18,2640,29,1,Android,10,4,1,10
2025-02-18,107809,18,1,Android,7,8,1,7
2025-02-18,110644,25,0,iOS,2,10,1,2
2025-02-18,14771,21,0,Android,4,4,1,4
2025-02-18,128250,34,1,Android,14,6,1,6
2025-02-18,127971,36,1,Android,3,0,0,2
2025-02-18,12384,19,1,Android,2,0,0,2
2025-02-18,114524,18,1,Android,8,16,1,8
2025-02-18,2948,18,0,Android,5,0,0,5
2025-02-18,124474,24,1,iOS,10,20,1,10
2025-02-18,2469,27,0,iOS,9,13,1,9
2025-02-18,120117,20,0,Android,11,0,0,11
2025-02-18,128587,35,1,iOS,2,4,1,2
2025-02-18,10235,21,0,Android,5,5,1,5
2025-02-18,124024,34,0,Android,5,0,0,2
2025-02-18,12269,23,1,iOS,4,31,1,4
2025-02-18,118327,26,0,Android,9,0,0,9
2025-02-18,17681,35,0,iOS,10,3,1,2
2025-02-18,125490,20,1,Android,6,8,1,6
2025-02-18,116614,16,1,Android,10,7,1,8
2025-02-18,21427,17,1,Android,7,0,0,7
2025-02-18,113830,21,1,Android,10,25,1,10
2025-02-18,111946,31,0,Android,3,4,1,3
2025-02-18,124251,32,1,iOS,5,3,1,5
2025-02-18,122517,26,0,Android,13,22,1,11
2025-02-18,15107,18,1,iOS,2,0,0,2
2025-02-18,18443,38,1,Android,4,0,0,2
2025-02-18,117652,23,1,Android,7,8,1,6
2025-02-18,19076,26,1,iOS,10,8,1,10
2025-02-18,113595,18,1,iOS,5,4,1,4
2025-02-18,109515,37,0,Android,8,0,0,2
2025-02-18,11157,20,0,Android,14,2,1,14
2025-02-18,17353,19,0,Android,6,0,0,6
2025-02-18,8451,28,1,iOS,9,12,1,9
2025-02-18,109778,16,0,iOS,11,0,0,9
2025-02-18,11090,20,1,Android,14,13,1,14
2025-02-18,123029,42,1,iOS,7,0,0,2
2025-02-18,122450,20,0,Android,3,2,1,3
2025-02-18,8736,34,0,Android,5,4,1,2
2025-02-18,21883,21,1,Android,7,17,1,7
2025-02-18,124352,34,0,Android,5,3,1,1
2025-02-18,123733,40,1,Android,1,0,0,1
2025-02-18,118869,28,1,Android,4,12,1,3
2025-02-18,126422,19,1,Android,8,15,1,8
2025-02-18,19691,44,1,iOS,5,0,0,2
2025-02-18,15897,16,1,iOS,3,10,1,3
2025-02-18,10504,17,1,iOS,9,0,0,9
2025-02-18,17445,34,0,Android,4,0,0,2
2025-02-18,108557,24,1,Android,3,0,0,3
2025-02-18,111371,19,0,Android,11,0,0,11
2025-02-18,115818,43,1,Android,10,0,0,2
2025-02-18,123978,17,0,iOS,3,1,1,3
2025-02-18,17920,23,1,iOS,4,15,1,4
2025-02-18,21951,26,1,Android,40,20,1,37
2025-02-18,15291,31,0,Android,4,6,1,4
2025-02-18,16075,20,0,iOS,8,10,1,8
2025-02-18,116127,27,0,Android,5,1,1,5
2025-02-18,17877,17,1,Android,4,0,0,4
2025-02-18,8182,21,1,Android,3,6,1,3
2025-02-18,21677,25,0,iOS,5,3,1,5
2025-02-18,124366,50,0,iOS,6,0,0,2
2025-02-18,109719,28,1,Android,4,3,1,4
2025-02-18,12682,15,0,Android,7,0,0,3
2025-02-18,108747,41,0,Android,2,0,0,1
2025-02-18,123327,24,1,Android,3,0,0,3
2025-02-18,115740,18,1,Android,12,0,0,11
2025-02-18,122311,19,0,Android,3,13,1,3
2025-02-18,125793,39,0,Android,6,4,1,2
2025-02-18,124998,22,0,Android,8,6,1,8
2025-02-18,16394,16,0,iOS,15,0,0,11
2025-02-18,128480,19,1,Android,7,5,1,6
2025-02-18,10603,31,1,Android,10,0,0,9
2025-02-18,21622,48,0,Android,6,0,0,2
2025-02-18,124003,15,0,iOS,6,3,1,2
2025-02-18,115966,17,1,Android,5,2,1,5
2025-02-18,18492,18,0,Android,4,5,1,4
2025-02-18,7771,27,1,iOS,2,0,0,2
2025-02-18,13972,41,1,iOS,8,0,0,2
2025-02-18,123141,33,1,Android,2,0,0,2
2025-02-18,117089,18,0,Android,3,3,1,3
2025-02-18,126675,22,1,iOS,2,3,1,2
2025-02-18,22030,15,1,Android,4,2,1,4
2025-02-18,122745,19,1,Android,3,0,0,3
2025-02-18,127752,19,1,iOS,8,0,0,7
2025-02-18,2069,20,0,iOS,6,2,1,6
2025-02-18,19681,19,1,iOS,4,3,1,4
2025-02-18,115197,36,0,Android,7,0,0,2
2025-02-18,117640,35,0,Android,7,2,1,2
2025-02-18,21787,30,0,Android,10,9,1,10
2025-02-18,119079,39,1,Android,21,0,0,4
2025-02-18,7735,41,1,Android,7,0,0,2
2025-02-18,114757,19,1,Android,7,0,0,7
2025-02-18,15643,38,1,Android,8,4,1,2
2025-02-18,14864,14,0,Android,9,0,0,2
2025-02-18,12996,15,0,iOS,7,4,1,6
2025-02-18,20922,36,0,Android,7,0,0,2
2025-02-18,125132,38,0,Android,6,0,0,2
2025-02-18,21507,27,1,iOS,7,4,1,7
2025-02-18,13433,42,1,iOS,7,0,0,2
2025-02-18,119627,20,0,Android,7,15,1,7
2025-02-18,21578,19,0,Android,3,16,1,3
2025-02-18,14023,32,1,Android,6,11,1,5
2025-02-18,117986,31,1,Android,1,1,1,1
2025-02-18,124190,27,0,Android,8,0,0,8
2025-02-18,19150,23,0,iOS,7,3,1,6
2025-02-18,19031,15,0,iOS,8,8,1,8
2025-02-18,14083,40,0,Android,6,1,1,2
2025-02-18,119689,23,0,Android,4,5,1,4
2025-02-18,117239,15,1,Android,9,1,1,7
2025-02-18,9979,28,1,Android,9,0,0,8
2025-02-18,10216,19,1,Android,5,8,1,5
2025-02-18,15562,36,0,Android,8,3,1,2
2025-02-18,123652,21,0,Android,7,4,1,7
2025-02-18,21005,46,1,iOS,4,0,0,2
2025-02-18,123310,23,0,Android,12,17,1,11
2025-02-18,15490,19,0,iOS,10,0,0,8
2025-02-18,19227,39,0,iOS,2,1,1,1
2025-02-18,22270,17,1,iOS,10,0,0,10
2025-02-18,127150,18,1,iOS,7,0,0,7
2025-02-18,120877,18,0,Android,9,0,0,7
2025-02-18,4123,37,0,iOS,7,0,0,2
2025-02-18,124232,17,1,iOS,4,0,0,4
2025-02-18,126664,21,0,Android,2,3,1,2
2025-02-18,116346,30,1,Android,11,11,1,11
2025-02-18,10686,53,1,iOS,2,0,0,2
2025-02-18,18398,20,1,Android,8,12,1,8
2025-02-18,21793,17,1,Android,5,0,0,5
2025-02-18,13928,25,0,iOS,7,0,0,7
2025-02-18,112182,27,0,Android,6,6,1,6
2025-02-18,20124,22,1,iOS,18,5,1,17
2025-02-18,122160,20,1,Android,4,5,1,4
2025-02-18,7011,39,0,iOS,8,4,1,2
2025-02-18,16230,26,1,Android,6,10,1,6
2025-02-18,113224,19,1,Android,8,2,1,7
2025-02-18,111385,14,0,iOS,3,4,1,2
2025-02-18,20176,23,0,iOS,11,6,1,9
2025-02-18,1777,42,1,Android,2,1,1,1
2025-02-18,117676,21,1,iOS,5,0,0,5
2025-02-18,18554,17,1,iOS,5,10,1,4
2025-02-18,21902,31,1,iOS,11,16,1,9
2025-02-18,22034,34,0,Android,8,6,1,1
2025-02-18,18285,14,1,iOS,3,2,1,1
2025-02-18,123756,21,0,iOS,5,11,1,5
2025-02-18,4839,20,1,Android,16,3,1,15
2025-02-18,7516,36,0,iOS,4,0,0,2
2025-02-18,16701,30,0,Android,10,0,0,9
2025-02-18,128279,26,1,Android,7,7,1,6
2025-02-18,4929,35,0,iOS,4,1,1,2
2025-02-18,14467,17,0,iOS,2,0,0,2
2025-02-18,122698,59,1,Android,14,0,0,2
2025-02-18,128465,37,1,Android,8,0,0,2
2025-02-18,14098,26,1,iOS,8,9,1,8
2025-02-18,115115,23,0,iOS,4,15,1,4
2025-02-18,10662,25,1,Android,3,12,1,3
2025-02-18,114894,28,1,Android,6,0,0,5
2025-02-18,18812,20,0,iOS,1,0,0,1
2025-02-18,12815,22,0,Android,4,11,1,4
2025-02-18,124986,20,0,iOS,4,22,1,4
2025-02-18,123491,22,1,Android,5,1,1,4
2025-02-18,18452,22,0,Android,7,0,0,7
2025-02-18,117698,18,0,Android,9,10,1,9
2025-02-18,112515,18,1,Android,6,13,1,6
2025-02-18,120010,26,0,iOS,7,0,0,7
2025-02-18,122848,25,1,Android,6,7,1,6
2025-02-18,11662,23,0,Android,9,7,1,9
2025-02-18,121635,33,0,Android,10,4,1,9
2025-02-18,124993,25,0,Android,6,16,1,6
2025-02-18,17592,16,0,iOS,6,2,1,6
2025-02-18,124074,16,1,iOS,7,18,1,6
2025-02-18,13919,27,0,Android,3,12,1,3
2025-02-18,13145,20,1,Android,8,7,1,8
2025-02-18,16229,41,1,Android,8,0,0,2
2025-02-18,17332,33,0,Android,15,0,0,11
2025-02-18,128226,15,0,Android,5,0,0,5
2025-02-18,125169,17,1,Android,9,5,1,9
2025-02-18,7499,34,0,iOS,13,14,1,2
2025-02-18,107971,20,1,Android,14,2,1,14
2025-02-18,19875,29,1,iOS,5,10,1,5
2025-02-18,123164,23,1,iOS,11,7,1,11
2025-02-18,116398,19,0,Android,7,2,1,7
2025-02-18,16250,22,0,iOS,1,7,1,1
2025-02-18,122300,16,0,iOS,8,0,0,6
2025-02-18,109357,27,0,iOS,2,7,1,2
2025-02-18,127775,31,0,Android,6,0,0,1
2025-02-18,123641,24,1,Android,7,10,1,6
2025-02-18,17389,19,0,Android,2,20,1,2
2025-02-18,124088,66,0,iOS,2,0,0,1
2025-02-18,16083,36,1,Android,5,2,1,1
2025-02-18,115814,19,1,Android,6,8,1,6
2025-02-18,8718,25,1,iOS,8,11,1,8
2025-02-18,111392,15,1,Android,4,0,0,4
2025-02-18,18805,28,1,Android,4,0,0,4
2025-02-18,123980,18,1,Android,6,0,0,6
2025-02-18,12428,28,0,iOS,7,6,1,6
2025-02-18,21180,56,0,Android,9,0,0,2
2025-02-18,107211,23,1,iOS,10,4,1,9
2025-02-18,123744,26,0,iOS,4,9,1,4
2025-02-18,109849,37,0,Android,5,0,0,2
2025-02-18,114755,45,1,Android,14,4,1,2
2025-02-18,3835,32,0,iOS,5,6,1,4
2025-02-18,21219,38,0,Android,12,0,0,4
2025-02-18,19052,20,0,iOS,10,0,0,9
2025-02-18,8584,18,1,Android,5,0,0,5
2025-02-18,123841,25,0,Android,11,12,1,11
2025-02-18,21431,21,1,iOS,7,9,1,7
2025-02-18,123374,36,0,iOS,8,6,1,2
2025-02-18,125623,19,0,Android,8,10,1,7
2025-02-18,123348,24,0,Android,3,2,1,3
2025-02-18,122913,40,1,Android,4,0,0,2
2025-02-18,116164,18,1,Android,8,3,1,8
2025-02-18,112864,25,1,iOS,3,6,1,3
2025-02-18,8212,42,0,iOS,7,0,0,2
2025-02-18,16765,39,0,Android,7,0,0,2
2025-02-18,108834,31,1,Android,4,26,1,1
2025-02-18,8276,60,0,Android,6,0,0,2
2025-02-18,21498,47,0,Android,4,0,0,2
2025-02-18,128575,15,0,iOS,12,7,1,9
2025-02-18,126017,23,1,iOS,2,6,1,2
2025-02-18,10543,26,1,Android,5,0,0,5
2025-02-18,118953,20,0,iOS,5,0,0,5
2025-02-18,127426,17,1,iOS,7,0,0,7
2025-02-18,14311,21,1,Android,5,2,1,5
2025-02-18,18900,40,0,iOS,12,6,1,4
2025-02-18,22226,20,0,Android,4,0,0,4
2025-02-18,123728,32,0,Android,7,3,1,3
2025-02-18,19159,22,1,Android,9,10,1,9
2025-02-18,119145,19,1,Android,11,0,0,11
2025-02-18,128488,29,1,iOS,6,5,1,6
2025-02-18,108934,44,0,Android,9,0,0,2
2025-02-18,116466,21,0,Android,5,6,1,5
2025-02-18,16928,15,1,iOS,2,2,1,2
2025-02-18,127142,22,0,iOS,9,13,1,7
2025-02-18,6934,41,0,Android,8,0,0,2
2025-02-18,16125,20,0,iOS,11,0,0,11
2025-02-18,6493,48,1,Android,9,0,0,2
2025-02-18,22108,28,1,iOS,10,1,1,10
2025-02-18,117566,27,1,Android,5,1,1,4
2025-02-18,114725,19,0,Android,6,9,1,6
2025-02-18,111097,14,0,Android,4,0,0,2
2025-02-18,114040,23,0,Android,9,6,1,9
2025-02-18,127732,22,0,iOS,8,15,1,7
2025-02-18,123376,23,1,iOS,10,14,1,10
2025-02-18,17260,26,0,Android,5,0,0,5
2025-02-18,22211,34,1,Android,13,7,1,4
2025-02-18,11391,31,0,iOS,9,10,1,7
2025-02-18,18679,29,1,Android,3,7,1,3
2025-02-18,124363,35,1,iOS,6,2,1,2
2025-02-18,122605,18,1,Android,6,0,0,5
2025-02-18,9749,20,1,iOS,9,5,1,8
2025-02-18,117628,25,1,Android,10,0,0,9
2025-02-18,12956,30,1,iOS,4,5,1,4
2025-02-18,128157,21,1,iOS,8,2,1,8
2025-02-18,118378,27,0,iOS,7,12,1,7
2025-02-18,114965,51,1,Android,3,0,0,2
2025-02-18,4192,17,1,Android,5,7,1,5
2025-02-18,20313,14,0,Android,7,0,0,2
2025-02-18,121317,21,0,Android,13,16,1,13
2025-02-18,127511,32,1,Android,10,23,1,8
2025-02-18,20939,22,0,iOS,7,13,1,7
2025-02-18,120178,35,1,iOS,10,29,1,3
2025-02-18,125375,16,1,Android,1,0,0,1
2025-02-18,114267,16,1,iOS,9,2,1,9
2025-02-18,14611,44,0,iOS,12,2,1,2
2025-02-18,16223,21,0,iOS,5,1,1,5
2025-02-18,118806,29,1,Android,3,5,1,3
2025-02-18,15854,20,0,Android,4,0,0,4
2025-02-18,12952,31,1,Android,7,0,0,7
2025-02-18,125137,17,1,Android,11,16,1,10
2025-02-18,110447,19,1,iOS,7,10,1,7
2025-02-18,11782,17,1,iOS,5,0,0,4
2025-02-18,123727,21,0,Android,9,7,1,9
2025-02-18,123934,23,0,Android,7,9,1,7
2025-02-18,110624,20,0,Android,2,0,0,2
2025-02-18,118164,36,0,Android,9,13,1,2
2025-02-18,13832,24,1,iOS,5,12,1,5
2025-02-18,9406,21,0,Android,4,0,0,4
2025-02-18,117371,34,0,Android,4,0,0,1
2025-02-18,109419,19,0,iOS,9,7,1,9
2025-02-18,9269,30,0,iOS,11,3,1,10
2025-02-18,16294,30,1,iOS,11,10,1,11
2025-02-18,110840,19,1,iOS,7,1,1,7
2025-02-18,16206,38,0,Android,10,0,0,2
2025-02-18,19880,18,1,iOS,5,1,1,5
2025-02-18,125345,21,1,Android,6,6,1,6
2025-02-18,10584,19,1,Android,8,11,1,8
2025-02-18,108806,17,1,iOS,6,0,0,5
2025-02-18,18838,22,1,Android,2,0,0,2
2025-02-18,118144,26,1,iOS,8,9,1,7
2025-02-18,12917,18,0,iOS,6,10,1,6
2025-02-18,21950,54,0,Android,7,0,0,2
2025-02-18,126737,18,0,Android,6,9,1,5
2025-02-18,128103,53,1,Android,8,0,0,2
2025-02-18,13562,23,0,iOS,1,5,1,1
2025-02-18,9765,33,1,Android,5,1,1,2
2025-02-18,17825,18,0,Android,7,0,0,7
2025-02-18,110053,20,0,Android,7,7,1,7
2025-02-18,11066,20,0,Android,8,10,1,7
2025-02-18,3111,39,1,Android,3,0,0,2
2025-02-18,112680,19,1,iOS,8,12,1,8
2025-02-18,121037,18,0,Android,1,1,1,1
2025-02-18,19190,31,1,Android,3,0,0,3
2025-02-18,128454,44,0,Android,10,0,0,2
2025-02-18,110156,20,0,iOS,4,0,0,4
2025-02-18,126349,53,0,Android,8,0,0,2
2025-02-18,111104,30,1,Android,4,8,1,3
2025-02-18,126251,18,0,iOS,8,0,0,8
2025-02-18,22078,21,1,Android,4,0,0,4
2025-02-18,21146,17,0,iOS,3,10,1,3
2025-02-18,7173,17,1,Android,4,8,1,4
2025-02-18,124794,26,0,Android,3,2,1,3
2025-02-18,9991,28,1,iOS,3,3,1,3
2025-02-18,10833,33,1,Android,10,0,0,8
2025-02-18,11430,39,0,Android,7,0,0,2
2025-02-18,107962,39,0,Android,7,8,1,2
2025-02-18,10258,25,0,Android,3,7,1,2
2025-02-18,22285,20,1,Android,1,5,1,1
2025-02-18,15366,14,1,Android,10,0,0,2
2025-02-18,111363,24,0,Android,6,6,1,6
2025-02-18,4894,19,0,Android,5,2,1,5
2025-02-18,120930,33,1,Android,5,0,0,2
2025-02-18,21191,31,1,iOS,6,8,1,6
2025-02-18,121074,41,1,Android,16,1,1,2
2025-02-18,9268,43,1,Android,5,0,0,2
2025-02-18,112187,23,0,iOS,10,9,1,10
2025-02-18,118412,24,1,Android,3,0,0,3
2025-02-18,121032,38,1,Android,8,1,1,2
2025-02-18,126599,21,1,iOS,4,0,0,4
2025-02-18,18390,40,1,Android,19,0,0,2
2025-02-18,16686,22,1,iOS,8,16,1,8
2025-02-18,110995,21,1,Android,2,7,1,2
2025-02-18,13419,23,1,iOS,6,8,1,6
2025-02-18,12111,59,1,iOS,3,0,0,1
2025-02-18,13000,50,0,Android,2,0,0,2
2025-02-18,6924,30,1,Android,5,11,1,5
2025-02-18,125116,23,0,Android,6,7,1,6
2025-02-18,121850,19,0,Android,9,9,1,9
2025-02-18,108214,28,1,iOS,9,3,1,9
2025-02-18,121590,16,1,Android,15,0,0,12
2025-02-18,13315,19,0,iOS,6,5,1,6
2025-02-18,126254,17,1,iOS,3,2,1,3
2025-02-18,14021,20,1,Android,11,0,0,11
2025-02-18,111616,31,1,Android,3,16,1,3
2025-02-18,122809,42,0,Android,4,0,0,2
2025-02-18,9060,24,0,Android,3,1,1,3
2025-02-18,14990,18,1,iOS,3,0,0,3
2025-02-18,18547,22,0,Android,6,15,1,6
2025-02-18,122693,41,0,iOS,10,0,0,2
2025-02-18,9793,15,1,Android,5,0,0,4
2025-02-18,14151,31,0,iOS,16,4,1,12
2025-02-18,111091,48,0,Android,4,0,0,2
2025-02-18,1882,21,0,iOS,3,8,1,3
2025-02-18,21695,19,1,iOS,3,0,0,3
2025-02-18,16846,15,1,Android,2,3,1,2
2025-02-18,113005,18,0,iOS,9,0,0,8
2025-02-18,118413,26,0,iOS,13,19,1,13
2025-02-18,15300,18,0,Android,12,0,0,11
2025-02-18,316,23,0,Android,11,6,1,11
2025-02-18,21929,21,1,Android,14,251,1,12
2025-02-18,10228,45,1,Android,8,0,0,2
2025-02-18,125684,18,1,iOS,11,0,0,10
2025-02-18,15459,34,1,iOS,2,1,1,2
2025-02-18,17267,23,1,Android,7,16,1,7
2025-02-18,373,21,1,Android,9,10,1,9
2025-02-18,108201,20,1,Android,7,4,1,7
2025-02-18,113468,14,0,Android,11,3,1,2
2025-02-18,22079,19,1,Android,6,2,1,6
2025-02-18,9010,22,0,Android,1,0,0,1
2025-02-18,127110,25,0,iOS,4,4,1,4
2025-02-18,126505,25,0,iOS,12,17,1,12
2025-02-18,123004,39,1,Android,8,5,1,2
2025-02-18,21907,39,0,iOS,10,1,1,2
2025-02-18,111146,33,1,Android,9,8,1,6
2025-02-18,116367,20,1,Android,11,5,1,11
2025-02-18,125106,26,0,Android,3,0,0,3
2025-02-18,10611,23,1,iOS,9,7,1,9
2025-02-18,123132,27,1,iOS,3,16,1,3
2025-02-18,109076,23,1,Android,4,5,1,4
2025-02-18,19188,15,1,Android,5,0,0,1
2025-02-18,113010,26,0,Android,10,15,1,10
2025-02-18,125250,26,1,iOS,10,20,1,10
2025-02-18,21298,37,1,Android,10,0,0,2
2025-02-18,17575,23,0,Android,3,4,1,3
2025-02-18,3809,19,1,Android,8,0,0,8
2025-02-18,107647,20,0,iOS,11,8,1,11
2025-02-18,128508,20,0,Android,9,20,1,9
2025-02-18,121759,20,0,iOS,4,4,1,4
2025-02-18,122991,46,0,iOS,12,0,0,10
2025-02-18,128210,21,0,Android,8,0,0,8
2025-02-18,7195,48,1,Android,9,0,0,2
2025-02-18,128086,21,1,iOS,6,0,0,6
2025-02-18,107531,18,1,Android,9,11,1,9
2025-02-18,117233,21,1,Android,4,10,1,3
2025-02-18,19449,22,1,Android,11,10,1,11
2025-02-18,126243,28,1,Android,4,8,1,4
2025-02-18,127982,16,1,Android,7,5,1,3
2025-02-18,16643,21,0,Android,10,7,1,8
2025-02-18,107499,20,1,iOS,2,1,1,2
2025-02-18,121412,16,0,iOS,4,0,0,4
2025-02-18,116324,17,1,iOS,2,6,1,2
2025-02-18,118238,41,0,iOS,1,0,0,1
2025-02-18,705,31,1,Android,3,1,1,3
2025-02-18,107715,42,1,iOS,15,1,1,2
2025-02-18,111606,23,1,iOS,8,0,0,8
2025-02-18,1825,18,0,iOS,8,19,1,8
2025-02-18,121233,24,1,Android,6,6,1,6
2025-02-18,110099,28,1,Android,4,0,0,4
2025-02-18,125382,49,1,Android,5,0,0,2
2025-02-18,117278,18,0,iOS,1,0,0,1
2025-02-18,1548,29,1,Android,4,4,1,4
2025-02-18,120945,31,0,iOS,4,11,1,4
2025-02-18,8323,17,1,Android,5,0,0,5
2025-02-18,117631,37,0,Android,5,6,1,1
2025-02-18,128352,36,1,Android,8,0,0,2
2025-02-18,949,17,0,Android,2,2,1,2
2025-02-18,16389,16,1,Android,4,217,1,4
2025-02-18,124262,23,1,Android,2,3,1,2
2025-02-18,124370,35,1,Android,3,0,0,2
2025-02-18,116221,18,1,iOS,8,0,0,7
2025-02-18,117617,17,0,Android,7,4,1,7
2025-02-18,16690,35,1,Android,4,1,1,2
2025-02-18,20998,22,1,iOS,3,5,1,3
2025-02-18,126898,25,1,Android,9,9,1,8
2025-02-18,114056,20,1,iOS,4,0,0,4
2025-02-18,20736,18,1,Android,7,5,1,7
2025-02-18,112394,20,1,iOS,6,0,0,6
2025-02-18,21975,17,1,Android,2,2,1,2
2025-02-18,14286,22,0,Android,7,3,1,6
2025-02-18,2311,28,1,iOS,4,6,1,4
2025-02-18,114744,24,0,iOS,9,5,1,9
2025-02-18,7613,48,1,iOS,4,0,0,2
2025-02-18,19701,16,0,iOS,8,1,1,6
2025-02-18,114732,30,0,Android,2,5,1,2
2025-02-18,17418,27,0,iOS,10,6,1,9
2025-02-18,10860,18,1,iOS,6,0,0,6
2025-02-18,113881,42,1,Android,7,0,0,2
2025-02-18,118257,40,0,Android,2,0,0,1
2025-02-18,20973,20,1,Android,8,9,1,8
2025-02-18,125517,24,1,iOS,2,0,0,2
2025-02-18,124386,19,1,Android,10,9,1,9
2025-02-18,124529,22,1,Android,11,0,0,10
2025-02-18,15926,26,1,iOS,6,6,1,6
2025-02-18,823,14,1,Android,4,0,0,1
2025-02-18,127988,38,0,Android,13,0,0,2
2025-02-18,124128,23,0,iOS,15,3,1,13
2025-02-18,110636,16,0,iOS,3,0,0,3
2025-02-18,21531,56,0,Android,13,0,0,4
2025-02-18,128506,32,1,iOS,9,0,0,8
2025-02-18,126513,16,0,Android,7,12,1,5
2025-02-18,128133,36,0,Android,6,1,1,2
2025-02-18,122640,45,1,iOS,4,0,0,2
2025-02-18,110373,39,0,Android,3,0,0,2
2025-02-18,121516,17,0,Android,2,3,1,2
2025-02-18,117516,21,1,iOS,9,1,1,8
2025-02-18,123388,23,1,iOS,4,2,1,4
2025-02-18,116820,48,0,Android,6,0,0,2
2025-02-18,19607,33,0,Android,5,7,1,1
2025-02-18,121595,42,1,iOS,11,3,1,4
2025-02-18,16046,14,1,Android,3,13,1,3
2025-02-18,9890,24,0,Android,2,5,1,2
2025-02-18,20972,43,1,Android,11,0,0,2
2025-02-18,108456,41,1,Android,8,0,0,2
2025-02-18,18184,39,1,iOS,7,0,0,2
2025-02-18,5473,30,1,Android,7,0,0,7
2025-02-18,119209,36,0,Android,9,0,0,2
2025-02-18,6332,40,1,Android,10,2,1,4
2025-02-18,116061,23,1,Android,7,0,0,7
2025-02-18,5658,16,0,Android,6,3,1,5
2025-02-18,8220,43,1,Android,7,0,0,2
2025-02-18,11350,18,0,iOS,4,2,1,4
2025-02-18,118629,23,1,Android,9,12,1,9
2025-02-18,125418,27,1,Android,7,7,1,7
2025-02-18,109939,27,1,Android,6,5,1,6
2025-02-18,107173,31,1,Android,2,4,1,2
2025-02-18,117886,50,0,Android,6,0,0,1
2025-02-18,108798,31,0,iOS,6,157,1,5
2025-02-18,125030,23,0,Android,5,0,0,5
2025-02-18,112631,40,1,Android,3,2,1,2
2025-02-18,17903,17,1,Android,3,4,1,2
2025-02-18,8769,29,1,iOS,10,7,1,10
2025-02-18,128149,20,1,Android,10,0,0,9
2025-02-18,5150,16,1,Android,7,0,0,5
2025-02-18,20907,19,1,Android,4,1,1,4
2025-02-18,125409,21,1,Android,24,19,1,23
2025-02-18,13818,17,1,Android,11,26,1,10
2025-02-18,14221,28,1,Android,2,6,1,2
2025-02-18,3896,40,1,iOS,5,4,1,2
2025-02-18,122795,22,1,Android,5,0,0,5
2025-02-18,21212,14,0,Android,5,2,1,3
2025-02-18,109410,27,1,Android,12,6,1,10
2025-02-18,112965,18,1,Android,5,13,1,5
2025-02-18,128357,20,0,iOS,3,0,0,3
2025-02-18,18816,18,1,iOS,6,6,1,6
2025-02-18,19243,18,1,Android,10,13,1,10
2025-02-18,21644,45,1,Android,8,0,0,2
2025-02-18,14181,42,1,iOS,2,0,0,2
2025-02-18,123207,34,0,Android,5,0,0,2
2025-02-18,124676,35,1,iOS,6,0,0,2
2025-02-18,122654,19,1,Android,5,21,1,5
2025-02-18,121865,22,0,iOS,5,13,1,5
2025-02-18,113384,25,1,iOS,14,0,0,13
2025-02-18,123679,36,0,Android,10,8,1,2
2025-02-18,916,19,0,iOS,11,8,1,10
2025-02-18,21961,38,1,iOS,11,0,0,2
2025-02-18,122498,24,0,Android,7,2,1,7
2025-02-18,126579,22,0,iOS,4,10,1,4
2025-02-18,21262,20,1,Android,9,3,1,9
2025-02-18,111048,18,1,Android,4,17,1,4
2025-02-18,121775,32,0,Android,4,0,0,4
2025-02-18,114457,17,0,iOS,6,14,1,4
2025-02-18,122624,19,1,iOS,4,7,1,4
2025-02-18,8707,21,1,Android,7,0,0,7
2025-02-18,13948,30,0,Android,6,11,1,5
2025-02-18,120039,24,0,Android,7,14,1,6
2025-02-18,11803,39,1,iOS,6,0,0,2
2025-02-18,15801,38,1,Android,6,5,1,2
2025-02-18,8484,48,0,iOS,2,0,0,1
2025-02-18,113982,23,0,iOS,3,0,0,3
2025-02-18,128359,26,0,iOS,5,0,0,5
2025-02-18,108449,39,0,Android,5,0,0,2
2025-02-18,6876,22,1,Android,11,12,1,11
2025-02-18,8667,24,1,iOS,8,15,1,8
2025-02-18,18076,19,1,iOS,4,8,1,4
2025-02-18,15097,28,0,Android,2,0,0,2
2025-02-18,21809,62,1,Android,14,0,0,4
2025-02-18,8517,23,1,Android,3,0,0,3
2025-02-18,14266,22,0,Android,4,4,1,4
2025-02-18,15332,20,0,iOS,13,0,0,12
2025-02-18,115715,15,1,Android,5,0,0,3
2025-02-18,122133,53,0,iOS,6,0,0,2
2025-02-18,18506,52,0,Android,3,0,0,1
2025-02-18,18526,15,1,Android,7,0,0,1
2025-02-18,116019,22,0,Android,5,5,1,5
2025-02-18,121469,29,0,Android,20,6,1,19
2025-02-18,126507,15,0,Android,15,1,1,4
2025-02-18,17452,16,1,iOS,2,0,0,2
2025-02-18,2867,15,1,Android,4,4,1,2
2025-02-18,118207,20,0,iOS,6,0,0,5
2025-02-18,17813,24,1,iOS,8,14,1,7
2025-02-18,125303,18,1,iOS,9,0,0,8
2025-02-18,119525,23,1,Android,5,10,1,5
2025-02-18,14037,40,1,Android,6,0,0,2
2025-02-18,114377,56,0,Android,9,0,0,2
2025-02-18,21829,32,1,Android,1,0,0,1
2025-02-18,21799,44,1,Android,7,0,0,2
2025-02-18,111265,21,0,Android,7,4,1,6
2025-02-18,8125,33,1,Android,5,2,1,4
2025-02-18,125243,19,0,iOS,3,0,0,3
2025-02-18,18850,24,1,Android,7,8,1,7
2025-02-18,111642,18,0,Android,4,1,1,4
2025-02-18,6588,31,1,Android,3,0,0,1
2025-02-18,11359,22,1,Android,5,0,0,5
2025-02-18,18960,34,1,Android,5,0,0,2
2025-02-18,121183,22,0,Android,12,0,0,12
2025-02-18,125078,32,1,iOS,7,9,1,6
2025-02-18,119638,19,1,iOS,3,0,0,3
2025-02-18,113815,18,0,Android,6,4,1,6
2025-02-18,114678,19,0,Android,3,0,0,3
2025-02-18,21333,17,1,Android,5,3,1,5
2025-02-18,15113,22,1,Android,7,4,1,6
2025-02-18,126941,16,1,Android,14,0,0,14
2025-02-18,123872,18,0,Android,3,2,1,2
2025-02-18,128039,24,0,iOS,4,2,1,4
2025-02-18,124829,22,0,Android,9,11,1,7
2025-02-18,128471,24,1,Android,9,5,1,9
2025-02-18,8934,31,0,iOS,8,1,1,8
2025-02-18,110876,32,0,iOS,18,3,1,13
2025-02-18,20886,27,1,iOS,9,13,1,9
2025-02-18,20447,23,0,Android,3,14,1,3
2025-02-18,21240,34,0,Android,9,3,1,1
2025-02-18,123976,35,1,Android,4,1,1,2
2025-02-18,18082,25,1,iOS,2,7,1,2
2025-02-18,17266,29,0,Android,10,6,1,9
2025-02-18,16363,17,1,Android,8,5,1,8
2025-02-18,2843,23,1,Android,10,5,1,10
2025-02-18,11348,28,1,iOS,8,9,1,8
2025-02-18,17994,18,0,iOS,13,2,1,11
2025-02-18,127378,52,0,Android,9,0,0,4
2025-02-18,18675,21,0,Android,6,0,0,6
2025-02-18,116748,20,0,Android,10,18,1,10
2025-02-18,22279,30,0,Android,5,5,1,5
2025-02-18,14537,20,0,iOS,5,0,0,5
2025-02-18,125587,27,1,Android,14,6,1,13
2025-02-18,128457,37,1,Android,4,3,1,2
2025-02-18,111682,17,1,Android,4,1,1,4
2025-02-18,123407,16,0,iOS,3,4,1,3
2025-02-18,112537,16,1,Android,4,0,0,4
2025-02-18,122631,20,0,Android,5,0,0,4
2025-02-18,13713,19,1,Android,9,14,1,9
2025-02-18,123937,22,0,Android,1,1,1,1
2025-02-18,119629,30,1,Android,9,5,1,9
2025-02-18,110396,25,1,Android,9,13,1,9
2025-02-18,107284,44,0,iOS,4,0,0,2
2025-02-18,21704,25,0,iOS,10,20,1,10
2025-02-18,10022,33,1,iOS,10,4,1,7
2025-02-18,126972,33,1,Android,12,0,0,9
2025-02-18,15367,14,1,iOS,9,5,1,2
2025-02-18,19828,36,1,Android,3,4,1,1
2025-02-18,116689,26,1,iOS,5,9,1,5
2025-02-18,122604,23,1,Android,7,0,0,6
2025-02-18,128179,17,1,Android,5,1,1,5
2025-02-18,18472,15,0,Android,10,0,0,2
2025-02-18,21872,29,1,Android,7,10,1,7
2025-02-18,122420,40,1,iOS,2,0,0,2
2025-02-18,121491,52,1,Android,5,0,0,2
2025-02-18,14048,21,1,Android,5,0,0,5
2025-02-18,7039,21,0,iOS,16,0,0,16
2025-02-18,6623,21,1,Android,7,13,1,7
2025-02-18,122486,29,0,iOS,12,9,1,11
2025-02-18,21741,16,1,Android,4,3,1,4
2025-02-18,117810,20,1,Android,5,10,1,5
2025-02-18,109247,35,0,Android,14,13,1,2
2025-02-18,19973,27,1,Android,5,1,1,5
2025-02-18,107709,40,1,Android,10,0,0,3
2025-02-18,119546,27,1,Android,9,16,1,9
2025-02-18,128430,32,1,iOS,7,4,1,7
2025-02-18,107030,34,1,iOS,8,0,0,1
2025-02-18,127886,18,1,Android,7,1,1,7
2025-02-18,2072,30,0,iOS,6,1,1,6
2025-02-18,117778,20,0,Android,2,8,1,2
2025-02-18,10366,20,1,Android,6,15,1,6
2025-02-18,116579,49,1,Android,8,0,0,2
2025-02-18,116055,15,1,Android,2,3,1,1
2025-02-18,111191,35,1,Android,3,4,1,1
2025-02-18,122928,29,1,Android,3,14,1,3
2025-02-18,121241,45,0,iOS,4,0,0,2
2025-02-18,107047,39,0,Android,8,0,0,2
2025-02-18,8223,35,1,Android,4,27,1,4
2025-02-18,107280,20,0,Android,3,4,1,3
2025-02-18,108028,17,1,iOS,4,0,0,4
2025-02-18,126914,37,1,Android,4,1,1,2
2025-02-18,287,58,0,Android,4,0,0,2
2025-02-18,113424,17,1,Android,3,9,1,3
2025-02-18,9337,23,1,Android,8,13,1,8
2025-02-18,14774,26,0,iOS,3,5,1,3
2025-02-18,122368,23,0,Android,6,4,1,6
2025-02-18,2132,27,0,Android,2,9,1,2
2025-02-18,10432,21,1,iOS,6,0,0,6
2025-02-18,128598,33,0,Android,6,1,1,2
2025-02-18,17334,25,0,Android,9,1,1,9
2025-02-18,120362,36,0,iOS,3,1,1,1
2025-02-18,120973,16,0,Android,7,2,1,7
2025-02-18,21439,18,1,iOS,4,0,0,4
2025-02-18,10685,19,1,Android,3,0,0,3
2025-02-18,3227,21,1,Android,9,12,1,9
2025-02-18,117413,18,1,Android,3,3,1,3
2025-02-18,14393,24,0,Android,2,10,1,2
2025-02-18,118581,14,1,Android,4,0,0,2
2025-02-18,122676,42,1,iOS,9,6,1,2
2025-02-18,112733,21,0,iOS,4,13,1,4
2025-02-18,22184,22,1,Android,3,2,1,2
2025-02-18,122976,20,0,Android,4,3,1,4
2025-02-18,15979,18,0,Android,4,13,1,4
2025-02-18,128258,23,1,iOS,13,15,1,11
2025-02-18,128379,24,1,Android,6,3,1,6
2025-02-18,17550,32,0,Android,6,2,1,5
2025-02-18,108814,36,1,Android,3,4,1,2
2025-02-18,114265,38,1,iOS,2,3,1,2
2025-02-18,113872,15,1,Android,3,0,0,2
2025-02-18,118964,36,0,Android,2,6,1,1
2025-02-18,14932,39,0,iOS,7,0,0,2
2025-02-18,109806,20,1,Android,5,4,1,4
2025-02-18,16642,38,1,Android,3,0,0,1
2025-02-18,116407,21,1,Android,7,7,1,6
2025-02-18,107663,45,0,Android,3,0,0,2
2025-02-18,116227,18,1,iOS,4,7,1,4
2025-02-18,127962,20,1,iOS,6,5,1,5
2025-02-18,108724,72,0,Android,7,0,0,2
2025-02-18,107206,23,0,Android,18,22,1,16
2025-02-18,20737,22,1,Android,5,8,1,5
2025-02-18,123554,28,0,Android,15,30,1,14
2025-02-18,21729,38,1,Android,12,0,0,2
2025-02-18,21319,41,1,iOS,9,0,0,2
2025-02-18,21366,17,1,iOS,9,4,1,9
2025-02-18,125924,40,1,Android,7,0,0,2
2025-02-18,116340,16,1,Android,6,3,1,5
2025-02-18,127048,36,0,Android,11,2,1,2
2025-02-18,112284,38,0,Android,12,3,1,2
2025-02-18,121247,36,0,iOS,4,3,1,1
2025-02-18,20157,19,1,iOS,6,3,1,6
2025-02-18,118427,18,0,Android,4,10,1,3
2025-02-18,117484,30,1,Android,3,0,0,3
2025-02-18,118622,22,0,iOS,12,23,1,11
2025-02-18,124908,29,1,iOS,6,2,1,6
2025-02-18,21880,36,0,iOS,5,0,0,2
2025-02-18,114538,16,0,iOS,10,6,1,7
2025-02-18,124305,24,0,iOS,11,0,0,11
2025-02-18,127784,20,0,Android,4,11,1,4
2025-02-18,128570,32,0,Android,7,0,0,3
2025-02-18,17603,30,0,Android,7,5,1,7
2025-02-18,123489,23,1,Android,7,16,1,6
2025-02-18,21279,23,0,Android,3,0,0,3
2025-02-18,15350,40,1,iOS,3,0,0,2
2025-02-18,112566,48,0,Android,5,0,0,1
2025-02-18,17506,29,0,iOS,8,3,1,8
2025-02-18,117693,19,1,Android,6,4,1,6
2025-02-18,112987,20,0,Android,7,1,1,7
2025-02-18,127845,19,0,Android,5,0,0,5
2025-02-18,10316,38,1,Android,7,0,0,2
2025-02-18,109203,17,0,iOS,4,0,0,4
2025-02-18,117560,31,0,Android,10,4,1,9
2025-02-18,115343,14,0,Android,2,2,1,1
2025-02-18,4022,21,1,Android,3,0,0,3
2025-02-18,21712,41,1,Android,2,0,0,1
2025-02-18,22244,23,1,Android,7,0,0,7
2025-02-18,125482,21,1,iOS,5,21,1,5
2025-02-18,21350,43,1,Android,7,0,0,2
2025-02-18,10116,17,0,Android,3,0,0,3
2025-02-18,11759,24,1,iOS,4,7,1,4
2025-02-18,110158,39,1,Android,8,2,1,2
2025-02-18,21786,27,1,Android,7,11,1,7
2025-02-18,15331,17,1,Android,5,0,0,5
2025-02-18,10596,36,0,iOS,9,7,1,2
2025-02-18,116387,23,1,Android,9,10,1,9
2025-02-18,13967,16,1,Android,0,8,1,0
2025-02-18,122696,34,1,iOS,6,15,1,3
2025-02-18,14651,24,1,Android,8,21,1,7
2025-02-18,7247,38,0,iOS,3,0,0,2
2025-02-18,114445,44,1,Android,4,0,0,2
2025-02-18,117024,15,0,iOS,2,0,0,1
2025-02-18,7494,21,1,Android,17,40,1,16
2025-02-18,125521,51,0,Android,11,0,0,2
2025-02-18,124872,24,0,iOS,7,9,1,7
2025-02-18,117351,31,0,Android,3,2,1,3
2025-02-18,21631,26,0,Android,1,15,1,1
2025-02-18,19855,31,0,iOS,14,9,1,12
2025-02-18,113862,32,1,iOS,4,4,1,2
2025-02-18,9503,28,1,Android,8,12,1,8
2025-02-18,117946,17,1,Android,5,1,1,5
2025-02-18,127881,19,0,Android,1,1,1,1
2025-02-18,121480,24,0,Android,3,0,0,3
2025-02-18,125268,28,1,Android,6,16,1,6
2025-02-18,1105,26,1,Android,12,23,1,10
2025-02-18,20102,20,0,iOS,8,15,1,7
2025-02-18,16922,21,1,Android,9,0,0,9
2025-02-18,127000,63,1,Android,5,0,0,2
2025-02-18,16487,16,0,Android,8,0,0,7
2025-02-18,8185,36,0,Android,9,2,1,2
2025-02-18,126263,22,0,iOS,3,8,1,3
2025-02-18,15454,19,0,Android,2,0,0,2
2025-02-18,18294,57,1,Android,10,0,0,2
2025-02-18,11599,19,1,Android,2,1,1,2
2025-02-18,125209,21,0,Android,3,0,0,3
2025-02-18,15786,36,1,Android,6,253,1,1
2025-02-18,6482,22,1,iOS,6,7,1,6
2025-02-18,9151,23,1,iOS,5,3,1,5
2025-02-18,7983,36,1,Android,10,5,1,2
2025-02-18,14779,24,1,Android,4,8,1,4
2025-02-18,118639,18,1,Android,4,6,1,4
2025-02-18,16348,22,0,Android,4,0,0,4
2025-02-18,118205,19,0,Android,5,4,1,4
2025-02-18,128284,28,1,iOS,4,3,1,4
2025-02-18,122887,35,0,Android,6,2,1,2
2025-02-18,116230,20,0,Android,4,1,1,4
2025-02-18,123172,24,1,iOS,5,0,0,5
2025-02-18,6025,29,1,Android,5,3,1,5
2025-02-18,124477,16,0,iOS,4,0,0,3
2025-02-18,6984,33,1,Android,16,4,1,12
2025-02-18,123156,34,1,Android,5,0,0,2
2025-02-18,108706,35,1,iOS,10,5,1,3
2025-02-18,4276,26,0,iOS,1,9,1,1
2025-02-18,21869,18,0,Android,6,6,1,6
2025-02-18,118318,24,1,Android,9,0,0,9
2025-02-18,123127,14,1,Android,8,8,1,2
2025-02-18,108837,24,0,iOS,7,0,0,6
2025-02-18,1857,48,1,Android,4,0,0,2
2025-02-18,17760,22,0,Android,2,7,1,2
2025-02-18,18267,16,1,iOS,6,7,1,5
2025-02-18,10766,19,1,iOS,8,7,1,8
2025-02-18,125470,33,1,iOS,3,6,1,3
2025-02-18,1366,22,1,Android,24,12,1,23
2025-02-18,116162,23,0,Android,5,2,1,4
2025-02-18,110799,18,1,Android,3,2,1,3
2025-02-18,124318,24,1,Android,5,0,0,5
2025-02-18,22012,28,1,Android,8,12,1,8
2025-02-18,18764,21,0,Android,5,3,1,5
2025-02-18,22204,17,1,iOS,6,3,1,5
2025-02-18,118779,17,1,Android,6,0,0,6
2025-02-18,126085,21,0,Android,8,3,1,7
2025-02-18,121408,33,1,iOS,3,0,0,1
2025-02-18,111301,38,0,Android,8,1,1,2
2025-02-18,107028,33,1,iOS,4,2,1,2
2025-02-18,12579,22,1,iOS,2,0,0,2
2025-02-18,11062,18,0,iOS,13,1,1,12
2025-02-18,11378,20,0,iOS,3,4,1,3
2025-02-18,3785,20,1,Android,16,31,1,16
2025-02-18,126723,26,1,Android,2,9,1,2
2025-02-18,15744,21,1,Android,8,9,1,6
2025-02-18,22205,19,1,Android,13,22,1,12
2025-02-18,126876,25,0,Android,5,5,1,4
2025-02-18,21450,15,1,Android,14,7,1,10
2025-02-18,110754,17,1,iOS,7,0,0,7
2025-02-18,127933,20,0,iOS,5,12,1,5
2025-02-18,121999,50,1,Android,17,0,0,4
2025-02-18,122374,40,1,Android,4,2,1,2
2025-02-18,17396,39,1,iOS,5,1,1,2
2025-02-18,17687,26,1,iOS,9,4,1,8
2025-02-18,16574,17,0,iOS,4,0,0,4
2025-02-18,125940,25,0,Android,7,19,1,7
2025-02-18,114224,18,0,iOS,8,0,0,7
2025-02-18,117974,21,1,iOS,5,5,1,5
2025-02-18,128422,22,1,Android,13,0,0,11
2025-02-18,125082,19,1,Android,5,14,1,5
2025-02-18,116506,26,1,iOS,3,19,1,3
2025-02-18,113883,55,0,Android,5,0,0,2
2025-02-18,17842,22,0,iOS,1,3,1,1
2025-02-18,121912,30,1,Android,9,5,1,8
2025-02-18,7877,33,0,Android,7,0,0,3
2025-02-18,16035,24,1,Android,3,0,0,3
2025-02-18,117775,38,1,iOS,3,0,0,2
2025-02-18,116896,21,0,Android,2,0,0,2
2025-02-18,17144,23,1,Android,5,11,1,5
2025-02-18,21271,51,0,iOS,7,0,0,2
2025-02-18,120983,45,0,iOS,10,0,0,3
2025-02-18,12672,15,1,iOS,8,5,1,3
2025-02-18,6896,18,0,iOS,8,13,1,7
2025-02-18,120699,21,0,Android,4,5,1,4
2025-02-18,121024,37,1,iOS,8,0,0,2
2025-02-18,119160,63,0,iOS,9,0,0,2
2025-02-18,117533,36,1,Android,8,1,1,2
2025-02-18,8039,25,0,Android,7,3,1,7
2025-02-18,17170,24,1,iOS,10,11,1,10
2025-02-18,8859,49,1,Android,5,0,0,2
2025-02-18,12139,43,1,Android,3,0,0,2
2025-02-18,111961,34,0,Android,9,0,0,5
2025-02-18,22213,30,0,Android,14,33,1,11
2025-02-18,124770,30,0,iOS,8,16,1,8
2025-02-18,128585,17,1,iOS,3,18,1,3
2025-02-18,118585,18,1,Android,9,0,0,9
2025-02-18,16302,42,0,Android,9,0,0,3
2025-02-18,109790,18,1,Android,3,2,1,3
2025-02-18,21517,16,0,Android,5,7,1,5
2025-02-18,16287,18,0,Android,13,0,0,13
2025-02-18,121699,26,1,Android,3,4,1,3
2025-02-18,13483,17,1,Android,11,0,0,11
2025-02-18,128180,40,0,Android,10,0,0,2
2025-02-18,117143,40,1,Android,4,1,1,2
2025-02-18,114895,22,0,Android,3,6,1,3
2025-02-18,108625,18,1,Android,4,0,0,4
2025-02-18,122100,39,1,Android,8,0,0,2
2025-02-18,7402,18,1,iOS,5,4,1,4
2025-02-18,126755,20,0,Android,5,12,1,5
2025-02-18,6405,26,0,Android,5,251,1,4
2025-02-18,112499,33,1,Android,4,3,1,3
2025-02-18,4772,18,1,Android,4,0,0,4
2025-02-18,110340,21,0,Android,2,3,1,2
2025-02-18,11802,44,0,iOS,14,0,0,2
2025-02-18,123504,19,0,iOS,7,11,1,6
2025-02-18,8101,30,0,iOS,6,13,1,6
2025-02-18,122622,19,0,Android,5,8,1,5
2025-02-18,110600,18,1,Android,4,5,1,4
2025-02-18,15548,38,1,Android,3,0,0,2
2025-02-18,121764,35,0,Android,11,0,0,3
2025-02-18,18045,40,1,Android,9,0,0,2
2025-02-18,115424,33,0,Android,10,23,1,9
2025-02-18,8795,34,1,Android,11,4,1,3
2025-02-18,121034,26,1,iOS,7,5,1,7
2025-02-18,20915,50,1,iOS,7,0,0,2
2025-02-18,113813,17,0,Android,8,0,0,7
2025-02-18,121374,61,0,Android,8,0,0,2
2025-02-18,126233,41,1,Android,23,7,1,4
2025-02-18,14188,51,0,Android,3,0,0,2
2025-02-18,115918,26,1,Android,10,11,1,10
2025-02-18,126465,20,1,Android,7,1,1,6
2025-02-18,7635,34,0,iOS,8,2,1,1
2025-02-18,115661,19,0,Android,9,1,1,9
2025-02-18,16242,30,0,iOS,8,1,1,8
2025-02-18,122772,29,1,iOS,15,14,1,14
2025-02-18,11665,15,0,iOS,6,0,0,4
2025-02-18,8830,47,1,Android,7,0,0,1
2025-02-18,117028,15,0,Android,9,0,0,2
2025-02-18,14669,19,1,iOS,5,0,0,4
2025-02-18,113692,14,0,Android,4,1,1,2
2025-02-18,121264,32,0,iOS,4,7,1,4
2025-02-18,121814,21,1,iOS,3,3,1,3
2025-02-18,116066,22,1,Android,4,4,1,3
2025-02-18,122564,18,1,Android,7,3,1,7
2025-02-18,21442,25,1,Android,6,7,1,6
2025-02-18,18874,26,1,Android,6,17,1,6
2025-02-18,126701,16,1,iOS,4,0,0,3
2025-02-18,111618,16,0,Android,5,0,0,4
2025-02-18,125229,22,0,Android,4,1,1,4
2025-02-18,128168,29,1,iOS,3,7,1,3
2025-02-18,126818,33,1,iOS,1,3,1,1
2025-02-18,18093,32,1,Android,2,0,0,2
2025-02-18,17168,16,1,Android,2,0,0,2
2025-02-18,19842,32,0,iOS,10,11,1,8
2025-02-18,126300,36,0,Android,8,5,1,2
2025-02-18,124459,20,1,Android,2,0,0,2
2025-02-18,108855,19,0,iOS,7,0,0,6
2025-02-18,21348,40,1,Android,8,0,0,2
2025-02-18,113370,21,1,Android,8,0,0,8
2025-02-18,111940,21,1,Android,5,7,1,5
2025-02-18,18225,43,0,Android,2,0,0,1
2025-02-18,18321,23,1,iOS,8,7,1,8
2025-02-18,110717,24,1,Android,1,10,1,1
2025-02-18,11269,51,1,Android,4,0,0,2
2025-02-18,15391,20,1,Android,4,6,1,3
2025-02-18,125996,22,0,Android,4,5,1,4
2025-02-18,116207,30,1,Android,16,9,1,16
2025-02-18,124737,26,0,iOS,12,19,1,11
2025-02-18,109881,45,0,iOS,3,0,0,1
2025-02-18,115447,20,0,iOS,11,0,0,11
2025-02-18,123742,33,0,Android,10,13,1,8
2025-02-18,122853,22,1,Android,4,0,0,4
2025-02-18,4911,21,0,iOS,4,1,1,4
2025-02-18,122167,23,0,Android,3,2,1,2
2025-02-18,125120,22,1,iOS,7,18,1,7
2025-02-18,118907,37,1,iOS,7,0,0,2
2025-02-18,115136,17,0,Android,1,1,1,1
2025-02-18,124339,27,0,iOS,2,6,1,2
2025-02-18,121822,40,1,iOS,6,26,1,1
2025-02-18,122630,19,0,Android,3,4,1,3
2025-02-18,111046,14,1,Android,3,2,1,3
2025-02-18,125867,21,0,Android,4,2,1,4
2025-02-18,125006,20,1,iOS,10,6,1,9
2025-02-18,3983,17,1,Android,4,0,0,3
2025-02-18,117576,32,1,Android,8,7,1,8
2025-02-18,123561,15,1,Android,9,6,1,3
2025-02-18,114664,37,1,iOS,12,15,1,4
2025-02-18,123013,25,0,Android,5,0,0,5
2025-02-18,21270,20,0,Android,10,11,1,10
2025-02-18,126219,27,0,Android,14,6,1,13
2025-02-18,15106,25,1,Android,8,0,0,7
2025-02-18,117564,62,1,Android,4,0,0,2
2025-02-18,122880,27,1,Android,5,3,1,5
2025-02-18,17437,20,0,Android,5,0,0,5
2025-02-18,117859,59,1,iOS,7,0,0,2
2025-02-18,123359,35,0,Android,3,2,1,1
2025-02-18,18844,29,1,Android,7,10,1,7
2025-02-18,128552,29,1,Android,4,3,1,4
2025-02-18,121818,41,1,Android,5,0,0,2
2025-02-18,111714,20,0,iOS,4,0,0,4
2025-02-18,17570,23,0,Android,4,4,1,4
2025-02-18,124306,19,1,iOS,4,4,1,4
2025-02-18,123392,30,1,Android,3,2,1,3
2025-02-18,21591,31,1,Android,7,7,1,7
2025-02-18,10831,21,1,iOS,13,0,0,13
2025-02-18,17654,52,0,iOS,6,0,0,2
2025-02-18,118379,17,0,iOS,4,3,1,4
2025-02-18,1943,26,1,Android,3,2,1,3
2025-02-18,21820,19,0,Android,6,11,1,5
2025-02-18,2174,18,1,Android,5,0,0,5
2025-02-18,126036,17,0,iOS,8,11,1,7
2025-02-18,111912,20,1,Android,8,8,1,6
2025-02-18,14403,24,1,Android,7,7,1,7
2025-02-18,20275,24,1,Android,4,0,0,4
2025-02-18,114596,19,0,iOS,4,14,1,4
2025-02-18,14777,16,1,iOS,8,126,1,8
2025-02-18,123553,29,0,iOS,6,0,0,6
2025-02-18,119235,37,0,iOS,7,518,1,2
2025-02-18,121960,23,1,Android,6,7,1,6
2025-02-18,7632,21,0,Android,4,10,1,4
2025-02-18,123624,21,1,Android,8,7,1,8
2025-02-18,13547,34,0,iOS,12,0,0,2
2025-02-18,127391,19,1,iOS,6,19,1,6
2025-02-18,109149,47,1,Android,6,0,0,3
2025-02-18,110170,15,0,Android,15,2,1,7
2025-02-18,124741,17,1,iOS,5,0,0,5
2025-02-18,7615,53,1,Android,3,0,0,2
2025-02-18,121360,38,1,iOS,8,0,0,2
2025-02-18,9305,22,0,Android,22,30,1,21
2025-02-18,115759,19,0,Android,7,4,1,7
2025-02-18,17051,15,0,Android,10,2,1,4
2025-02-18,18104,19,1,Android,11,12,1,10
2025-02-18,18126,36,0,Android,14,0,0,2
2025-02-18,16899,40,1,Android,5,0,0,2
2025-02-18,122539,19,0,iOS,12,1,1,12
2025-02-18,4122,14,1,Android,9,0,0,2
2025-02-18,124966,35,1,Android,7,7,1,3
2025-02-18,16977,35,0,Android,5,0,0,2
2025-02-18,124383,26,1,iOS,6,10,1,6
2025-02-18,128111,42,0,iOS,6,9,1,2
2025-02-18,17504,26,1,Android,1,3,1,1
2025-02-18,113993,16,0,iOS,2,7,1,2
2025-02-18,21821,34,1,Android,7,0,0,2
2025-02-18,22288,50,1,Android,3,0,0,2
2025-02-18,118807,29,0,iOS,10,0,0,10
2025-02-18,121339,36,1,Android,4,0,0,2
2025-02-18,17561,16,1,Android,3,0,0,3
2025-02-18,21737,20,0,Android,7,0,0,7
2025-02-18,123582,21,0,Android,5,0,0,5
2025-02-18,15171,58,1,Android,9,0,0,2
2025-02-18,116297,31,1,Android,9,0,0,9
2025-02-18,122595,29,0,Android,1,2,1,1
2025-02-18,121012,20,0,Android,9,0,0,8
2025-02-18,13505,29,1,iOS,3,0,0,3
2025-02-18,112439,25,0,iOS,7,3,1,6
2025-02-18,10362,16,0,Android,7,8,1,7
2025-02-18,115602,31,0,Android,7,1,1,6
2025-02-18,3509,44,1,Android,4,0,0,2
2025-02-18,10733,34,0,Android,2,0,0,2
2025-02-18,118811,51,1,Android,16,0,0,4
2025-02-18,18123,16,1,Android,12,10,1,12
2025-02-18,18362,32,1,iOS,6,0,0,5
2025-02-18,15446,18,0,iOS,8,0,0,8
2025-02-18,6556,16,0,Android,5,0,0,5
2025-02-18,128362,14,0,iOS,15,3,1,2
2025-02-18,19611,20,0,Android,3,3,1,3
2025-02-18,4400,18,1,iOS,10,2,1,10
2025-02-18,11404,34,1,Android,10,4,1,3
2025-02-18,6930,29,0,iOS,3,5,1,3
2025-02-18,122566,35,0,iOS,4,42,1,2
2025-02-18,15565,30,0,Android,8,6,1,7
